Room,Code,Description,Type,State,Pass/Fail,Value,Data Source,Timestamp,Start Value,Target Value,Threshold,Fault Type
LCC,Airtemp,LCC Airtemp,Temperature,Pass,Pass,30.12921,data_logs,2025-08-21 13:45:22,30.0,40.0,5.0,
LCC,Airtemp,LCC Airtemp,Temperature,Pass,Pass,30.07075,data_logs,2025-08-21 13:45:23,30.0,40.0,5.0,
LCC,Airtemp,LCC Airtemp,Temperature,Pass,Pass,30.07704,data_logs,2025-08-21 13:45:24,30.0,40.0,5.0,
LCC,Airtemp,LCC Airtemp,Temperature,Pass,Pass,30.09729,data_logs,2025-08-21 13:45:26,30.0,40.0,5.0,
LCC,Airtemp,LCC Airtemp,Temperature,Pass,Pass,30.19593,data_logs,2025-08-21 13:45:28,30.0,40.0,5.0,
LCC,Airtemp,LCC Airtemp,Temperature,Pass,Pass,30.24071,data_logs,2025-08-21 13:45:30,30.0,40.0,5.0,
LCC,Airtemp,LCC Airtemp,Temperature,Pass,Pass,30.21807,data_logs,2025-08-21 13:45:31,30.0,40.0,5.0,
LCC,Airtemp,LCC Airtemp,Temperature,Pass,Pass,30.27076,data_logs,2025-08-21 13:45:32,30.0,40.0,5.0,
LCC,Airtemp,LCC Airtemp,Temperature,Pass,Pass,30.14334,data_logs,2025-08-21 13:45:33,30.0,40.0,5.0,
LCC,Airtemp,LCC Airtemp,Temperature,Pass,Pass,30.23194,data_logs,2025-08-21 13:45:35,30.0,40.0,5.0,
LCC,Airtemp,LCC Airtemp,Temperature,Pass,Pass,30.25157,data_logs,2025-08-21 13:45:37,30.0,40.0,5.0,
LCC,Airtemp,LCC Airtemp,Temperature,Pass,Pass,30.32972,data_logs,2025-08-21 13:45:38,30.0,40.0,5.0,
LCC,Airtemp,LCC Airtemp,Temperature,Pass,Pass,30.34571,data_logs,2025-08-21 13:45:40,30.0,40.0,5.0,
LCC,Airtemp,LCC Airtemp,Temperature,Pass,Pass,30.43993,data_logs,2025-08-21 13:45:42,30.0,40.0,5.0,
LCC,Airtemp,LCC Airtemp,Temperature,Pass,Pass,30.3728,data_logs,2025-08-21 13:45:43,30.0,40.0,5.0,
LCC,Airtemp,LCC Airtemp,Temperature,Pass,Pass,30.36635,data_logs,2025-08-21 13:45:45,30.0,40.0,5.0,
LCC,Airtemp,LCC Airtemp,Temperature,Pass,Pass,30.45481,data_logs,2025-08-21 13:45:46,30.0,40.0,5.0,
LCC,Airtemp,LCC Airtemp,Temperature,Pass,Pass,30.30977,data_logs,2025-08-21 13:45:47,30.0,40.0,5.0,
LCC,Airtemp,LCC Airtemp,Temperature,Pass,Pass,30.52351,data_logs,2025-08-21 13:45:49,30.0,40.0,5.0,
LCC,Airtemp,LCC Airtemp,Temperature,Pass,Pass,30.5071,data_logs,2025-08-21 13:45:51,30.0,40.0,5.0,
LCC,Airtemp,LCC Airtemp,Temperature,Pass,Pass,30.57359,data_logs,2025-08-21 13:45:53,30.0,40.0,5.0,
LCC,Airtemp,LCC Airtemp,Temperature,Pass,Pass,30.52459,data_logs,2025-08-21 13:45:54,30.0,40.0,5.0,
LCC,Airtemp,LCC Airtemp,Temperature,Pass,Pass,30.47363,data_logs,2025-08-21 13:45:56,30.0,40.0,5.0,
LCC,Airtemp,LCC Airtemp,Temperature,Pass,Pass,30.63096,data_logs,2025-08-21 13:45:57,30.0,40.0,5.0,
LCC,Airtemp,LCC Airtemp,Temperature,Pass,Pass,30.46916,data_logs,2025-08-21 13:45:58,30.0,40.0,5.0,
LCC,Airtemp,LCC Airtemp,Temperature,Pass,Pass,30.63269,data_logs,2025-08-21 13:46:00,30.0,40.0,5.0,
LCC,Airtemp,LCC Airtemp,Temperature,Pass,Pass,30.52561,data_logs,2025-08-21 13:46:01,30.0,40.0,5.0,
LCC,Airtemp,LCC Airtemp,Temperature,Pass,Pass,30.67985,data_logs,2025-08-21 13:46:03,30.0,40.0,5.0,
LCC,Airtemp,LCC Airtemp,Temperature,Pass,Pass,30.71879,data_logs,2025-08-21 13:46:04,30.0,40.0,5.0,
LCC,Airtemp,LCC Airtemp,Temperature,Pass,Pass,30.63147,data_logs,2025-08-21 13:46:06,30.0,40.0,5.0,
LCC,Airtemp,LCC Airtemp,Temperature,Pass,Pass,30.66111,data_logs,2025-08-21 13:46:08,30.0,40.0,5.0,
LCC,Airtemp,LCC Airtemp,Temperature,Pass,Pass,30.72476,data_logs,2025-08-21 13:46:09,30.0,40.0,5.0,
LCC,Airtemp,LCC Airtemp,Temperature,Pass,Pass,30.81263,data_logs,2025-08-21 13:46:11,30.0,40.0,5.0,
LCC,Airtemp,LCC Airtemp,Temperature,Pass,Pass,30.82951,data_logs,2025-08-21 13:46:12,30.0,40.0,5.0,
LCC,Airtemp,LCC Airtemp,Temperature,Pass,Pass,30.85368,data_logs,2025-08-21 13:46:14,30.0,40.0,5.0,
LCC,Airtemp,LCC Airtemp,Temperature,Pass,Pass,30.81894,data_logs,2025-08-21 13:46:15,30.0,40.0,5.0,
LCC,Airtemp,LCC Airtemp,Temperature,Pass,Pass,30.72337,data_logs,2025-08-21 13:46:17,30.0,40.0,5.0,
LCC,Airtemp,LCC Airtemp,Temperature,Pass,Pass,30.83801,data_logs,2025-08-21 13:46:18,30.0,40.0,5.0,
LCC,Airtemp,LCC Airtemp,Temperature,Pass,Pass,30.84704,data_logs,2025-08-21 13:46:19,30.0,40.0,5.0,
LCC,Airtemp,LCC Airtemp,Temperature,Pass,Pass,30.92695,data_logs,2025-08-21 13:46:20,30.0,40.0,5.0,
LCC,Airtemp,LCC Airtemp,Temperature,Pass,Pass,30.91943,data_logs,2025-08-21 13:46:22,30.0,40.0,5.0,
LCC,Airtemp,LCC Airtemp,Temperature,Pass,Pass,30.92534,data_logs,2025-08-21 13:46:23,30.0,40.0,5.0,
LCC,Airtemp,LCC Airtemp,Temperature,Pass,Pass,30.92382,data_logs,2025-08-21 13:46:25,30.0,40.0,5.0,
LCC,Airtemp,LCC Airtemp,Temperature,Pass,Pass,30.97248,data_logs,2025-08-21 13:46:26,30.0,40.0,5.0,
LCC,Airtemp,LCC Airtemp,Temperature,Pass,Pass,30.98215,data_logs,2025-08-21 13:46:28,30.0,40.0,5.0,
LCC,Airtemp,LCC Airtemp,Temperature,Pass,Pass,31.03131,data_logs,2025-08-21 13:46:29,30.0,40.0,5.0,
LCC,Airtemp,LCC Airtemp,Temperature,Pass,Pass,30.97439,data_logs,2025-08-21 13:46:31,30.0,40.0,5.0,
LCC,Airtemp,LCC Airtemp,Temperature,Pass,Pass,30.97843,data_logs,2025-08-21 13:46:33,30.0,40.0,5.0,
LCC,Airtemp,LCC Airtemp,Temperature,Pass,Pass,30.94462,data_logs,2025-08-21 13:46:34,30.0,40.0,5.0,
LCC,Airtemp,LCC Airtemp,Temperature,Pass,Pass,31.01621,data_logs,2025-08-21 13:46:36,30.0,40.0,5.0,
LCC,Airtemp,LCC Airtemp,Temperature,Pass,Pass,31.13576,data_logs,2025-08-21 13:46:37,30.0,40.0,5.0,
LCC,Airtemp,LCC Airtemp,Temperature,Pass,Pass,31.10592,data_logs,2025-08-21 13:46:39,30.0,40.0,5.0,
LCC,Airtemp,LCC Airtemp,Temperature,Pass,Pass,31.18955,data_logs,2025-08-21 13:46:41,30.0,40.0,5.0,
LCC,Airtemp,LCC Airtemp,Temperature,Pass,Pass,31.05844,data_logs,2025-08-21 13:46:43,30.0,40.0,5.0,
LCC,Airtemp,LCC Airtemp,Temperature,Pass,Pass,31.10024,data_logs,2025-08-21 13:46:44,30.0,40.0,5.0,
LCC,Airtemp,LCC Airtemp,Temperature,Pass,Pass,31.24164,data_logs,2025-08-21 13:46:45,30.0,40.0,5.0,
LCC,Airtemp,LCC Airtemp,Temperature,Pass,Pass,31.10979,data_logs,2025-08-21 13:46:47,30.0,40.0,5.0,
LCC,Airtemp,LCC Airtemp,Temperature,Pass,Pass,31.30951,data_logs,2025-08-21 13:46:49,30.0,40.0,5.0,
LCC,Airtemp,LCC Airtemp,Temperature,Pass,Pass,31.28626,data_logs,2025-08-21 13:46:50,30.0,40.0,5.0,
LCC,Airtemp,LCC Airtemp,Temperature,Pass,Pass,31.35533,data_logs,2025-08-21 13:46:52,30.0,40.0,5.0,
LCC,Airtemp,LCC Airtemp,Temperature,Pass,Pass,31.22628,data_logs,2025-08-21 13:46:53,30.0,40.0,5.0,
LCC,Airtemp,LCC Airtemp,Temperature,Pass,Pass,31.22582,data_logs,2025-08-21 13:46:55,30.0,40.0,5.0,
LCC,Airtemp,LCC Airtemp,Temperature,Pass,Pass,31.34067,data_logs,2025-08-21 13:46:57,30.0,40.0,5.0,
LCC,Airtemp,LCC Airtemp,Temperature,Pass,Pass,31.46296,data_logs,2025-08-21 13:46:59,30.0,40.0,5.0,
LCC,Airtemp,LCC Airtemp,Temperature,Pass,Pass,31.35257,data_logs,2025-08-21 13:47:00,30.0,40.0,5.0,
LCC,Airtemp,LCC Airtemp,Temperature,Pass,Pass,31.41704,data_logs,2025-08-21 13:47:01,30.0,40.0,5.0,
LCC,Airtemp,LCC Airtemp,Temperature,Pass,Pass,31.50626,data_logs,2025-08-21 13:47:03,30.0,40.0,5.0,
LCC,Airtemp,LCC Airtemp,Temperature,Pass,Pass,31.47609,data_logs,2025-08-21 13:47:05,30.0,40.0,5.0,
LCC,Airtemp,LCC Airtemp,Temperature,Pass,Pass,31.53165,data_logs,2025-08-21 13:47:06,30.0,40.0,5.0,
LCC,Airtemp,LCC Airtemp,Temperature,Pass,Pass,31.51306,data_logs,2025-08-21 13:47:08,30.0,40.0,5.0,
LCC,Airtemp,LCC Airtemp,Temperature,Pass,Pass,31.59126,data_logs,2025-08-21 13:47:09,30.0,40.0,5.0,
LCC,Airtemp,LCC Airtemp,Temperature,Pass,Pass,31.43479,data_logs,2025-08-21 13:47:11,30.0,40.0,5.0,
LCC,Airtemp,LCC Airtemp,Temperature,Pass,Pass,31.47637,data_logs,2025-08-21 13:47:12,30.0,40.0,5.0,
LCC,Airtemp,LCC Airtemp,Temperature,Pass,Pass,31.62099,data_logs,2025-08-21 13:47:14,30.0,40.0,5.0,
LCC,Airtemp,LCC Airtemp,Temperature,Pass,Pass,31.50792,data_logs,2025-08-21 13:47:16,30.0,40.0,5.0,
LCC,Airtemp,LCC Airtemp,Temperature,Pass,Pass,31.57631,data_logs,2025-08-21 13:47:17,30.0,40.0,5.0,
LCC,Airtemp,LCC Airtemp,Temperature,Pass,Pass,31.59537,data_logs,2025-08-21 13:47:19,30.0,40.0,5.0,
LCC,Airtemp,LCC Airtemp,Temperature,Pass,Pass,31.56812,data_logs,2025-08-21 13:47:20,30.0,40.0,5.0,
LCC,Airtemp,LCC Airtemp,Temperature,Pass,Pass,31.74956,data_logs,2025-08-21 13:47:22,30.0,40.0,5.0,
LCC,Airtemp,LCC Airtemp,Temperature,Pass,Pass,31.662,data_logs,2025-08-21 13:47:23,30.0,40.0,5.0,
LCC,Airtemp,LCC Airtemp,Temperature,Pass,Pass,31.64946,data_logs,2025-08-21 13:47:25,30.0,40.0,5.0,
LCC,Airtemp,LCC Airtemp,Temperature,Pass,Pass,31.74337,data_logs,2025-08-21 13:47:26,30.0,40.0,5.0,
LCC,Airtemp,LCC Airtemp,Temperature,Pass,Pass,31.71962,data_logs,2025-08-21 13:47:28,30.0,40.0,5.0,
LCC,Airtemp,LCC Airtemp,Temperature,Pass,Pass,31.82592,data_logs,2025-08-21 13:47:30,30.0,40.0,5.0,
LCC,Airtemp,LCC Airtemp,Temperature,Pass,Pass,31.73491,data_logs,2025-08-21 13:47:32,30.0,40.0,5.0,
LCC,Airtemp,LCC Airtemp,Temperature,Pass,Pass,31.73811,data_logs,2025-08-21 13:47:33,30.0,40.0,5.0,
LCC,Airtemp,LCC Airtemp,Temperature,Pass,Pass,31.91245,data_logs,2025-08-21 13:47:34,30.0,40.0,5.0,
LCC,Airtemp,LCC Airtemp,Temperature,Pass,Pass,31.78306,data_logs,2025-08-21 13:47:35,30.0,40.0,5.0,
LCC,Airtemp,LCC Airtemp,Temperature,Pass,Pass,31.9464,data_logs,2025-08-21 13:47:37,30.0,40.0,5.0,
LCC,Airtemp,LCC Airtemp,Temperature,Pass,Pass,31.8087,data_logs,2025-08-21 13:47:38,30.0,40.0,5.0,
LCC,Airtemp,LCC Airtemp,Temperature,Pass,Pass,31.95931,data_logs,2025-08-21 13:47:40,30.0,40.0,5.0,
LCC,Airtemp,LCC Airtemp,Temperature,Pass,Pass,31.91104,data_logs,2025-08-21 13:47:42,30.0,40.0,5.0,
LCC,Airtemp,LCC Airtemp,Temperature,Pass,Pass,32.00883,data_logs,2025-08-21 13:47:43,30.0,40.0,5.0,
LCC,Airtemp,LCC Airtemp,Temperature,Pass,Pass,31.89394,data_logs,2025-08-21 13:47:45,30.0,40.0,5.0,
LCC,Airtemp,LCC Airtemp,Temperature,Pass,Pass,31.90648,data_logs,2025-08-21 13:47:46,30.0,40.0,5.0,
LCC,Airtemp,LCC Airtemp,Temperature,Pass,Pass,32.00242,data_logs,2025-08-21 13:47:48,30.0,40.0,5.0,
LCC,Airtemp,LCC Airtemp,Temperature,Pass,Pass,32.07267,data_logs,2025-08-21 13:47:50,30.0,40.0,5.0,
LCC,Airtemp,LCC Airtemp,Temperature,Pass,Pass,32.02568,data_logs,2025-08-21 13:47:51,30.0,40.0,5.0,
LCC,Airtemp,LCC Airtemp,Temperature,Pass,Pass,32.16908,data_logs,2025-08-21 13:47:53,30.0,40.0,5.0,
LCC,Airtemp,LCC Airtemp,Temperature,Pass,Pass,32.17786,data_logs,2025-08-21 13:47:54,30.0,40.0,5.0,
LCC,Airtemp,LCC Airtemp,Temperature,Pass,Pass,32.18534,data_logs,2025-08-21 13:47:56,30.0,40.0,5.0,
LCC,Airtemp,LCC Airtemp,Temperature,Pass,Pass,32.12046,data_logs,2025-08-21 13:47:57,30.0,40.0,5.0,
LCC,Airtemp,LCC Airtemp,Temperature,Pass,Pass,32.07345,data_logs,2025-08-21 13:47:59,30.0,40.0,5.0,
LCC,Airtemp,LCC Airtemp,Temperature,Pass,Pass,32.17416,data_logs,2025-08-21 13:48:01,30.0,40.0,5.0,
LCC,Airtemp,LCC Airtemp,Temperature,Pass,Pass,32.13144,data_logs,2025-08-21 13:48:02,30.0,40.0,5.0,
LCC,Airtemp,LCC Airtemp,Temperature,Pass,Pass,32.27916,data_logs,2025-08-21 13:48:04,30.0,40.0,5.0,
LCC,Airtemp,LCC Airtemp,Temperature,Pass,Pass,32.34452,data_logs,2025-08-21 13:48:05,30.0,40.0,5.0,
LCC,Airtemp,LCC Airtemp,Temperature,Pass,Pass,32.24198,data_logs,2025-08-21 13:48:07,30.0,40.0,5.0,
LCC,Airtemp,LCC Airtemp,Temperature,Pass,Pass,32.36153,data_logs,2025-08-21 13:48:09,30.0,40.0,5.0,
LCC,Airtemp,LCC Airtemp,Temperature,Pass,Pass,32.32579,data_logs,2025-08-21 13:48:10,30.0,40.0,5.0,
LCC,Airtemp,LCC Airtemp,Temperature,Pass,Pass,32.30498,data_logs,2025-08-21 13:48:12,30.0,40.0,5.0,
LCC,Airtemp,LCC Airtemp,Temperature,Pass,Pass,32.37079,data_logs,2025-08-21 13:48:13,30.0,40.0,5.0,
LCC,Airtemp,LCC Airtemp,Temperature,Pass,Pass,32.47112,data_logs,2025-08-21 13:48:15,30.0,40.0,5.0,
LCC,Airtemp,LCC Airtemp,Temperature,Pass,Pass,32.36421,data_logs,2025-08-21 13:48:16,30.0,40.0,5.0,
LCC,Airtemp,LCC Airtemp,Temperature,Pass,Pass,32.36952,data_logs,2025-08-21 13:48:18,30.0,40.0,5.0,
LCC,Airtemp,LCC Airtemp,Temperature,Pass,Pass,32.45171,data_logs,2025-08-21 13:48:19,30.0,40.0,5.0,
LCC,Airtemp,LCC Airtemp,Temperature,Pass,Pass,32.4266,data_logs,2025-08-21 13:48:21,30.0,40.0,5.0,
LCC,Airtemp,LCC Airtemp,Temperature,Pass,Pass,32.5507,data_logs,2025-08-21 13:48:23,30.0,40.0,5.0,
LCC,Airtemp,LCC Airtemp,Temperature,Pass,Pass,32.42443,data_logs,2025-08-21 13:48:24,30.0,40.0,5.0,
LCC,Airtemp,LCC Airtemp,Temperature,Pass,Pass,32.52123,data_logs,2025-08-21 13:48:26,30.0,40.0,5.0,
LCC,Airtemp,LCC Airtemp,Temperature,Pass,Pass,32.48697,data_logs,2025-08-21 13:48:28,30.0,40.0,5.0,
LCC,Airtemp,LCC Airtemp,Temperature,Pass,Pass,32.58933,data_logs,2025-08-21 13:48:29,30.0,40.0,5.0,
LCC,Airtemp,LCC Airtemp,Temperature,Pass,Pass,32.5206,data_logs,2025-08-21 13:48:31,30.0,40.0,5.0,
LCC,Airtemp,LCC Airtemp,Temperature,Pass,Pass,32.51315,data_logs,2025-08-21 13:48:32,30.0,40.0,5.0,
LCC,Airtemp,LCC Airtemp,Temperature,Pass,Pass,32.6895,data_logs,2025-08-21 13:48:34,30.0,40.0,5.0,
LCC,Airtemp,LCC Airtemp,Temperature,Pass,Pass,32.71397,data_logs,2025-08-21 13:48:35,30.0,40.0,5.0,
LCC,Airtemp,LCC Airtemp,Temperature,Pass,Pass,32.58629,data_logs,2025-08-21 13:48:37,30.0,40.0,5.0,
LCC,Airtemp,LCC Airtemp,Temperature,Pass,Pass,32.67063,data_logs,2025-08-21 13:48:39,30.0,40.0,5.0,
LCC,Airtemp,LCC Airtemp,Temperature,Pass,Pass,32.72644,data_logs,2025-08-21 13:48:40,30.0,40.0,5.0,
LCC,Airtemp,LCC Airtemp,Temperature,Pass,Pass,32.83292,data_logs,2025-08-21 13:48:42,30.0,40.0,5.0,
LCC,Airtemp,LCC Airtemp,Temperature,Pass,Pass,32.81588,data_logs,2025-08-21 13:48:43,30.0,40.0,5.0,
LCC,Airtemp,LCC Airtemp,Temperature,Pass,Pass,32.79484,data_logs,2025-08-21 13:48:45,30.0,40.0,5.0,
LCC,Airtemp,LCC Airtemp,Temperature,Pass,Pass,32.89137,data_logs,2025-08-21 13:48:46,30.0,40.0,5.0,
LCC,Airtemp,LCC Airtemp,Temperature,Pass,Pass,32.81039,data_logs,2025-08-21 13:48:48,30.0,40.0,5.0,
LCC,Airtemp,LCC Airtemp,Temperature,Pass,Pass,32.76009,data_logs,2025-08-21 13:48:50,30.0,40.0,5.0,
LCC,Airtemp,LCC Airtemp,Temperature,Pass,Pass,32.90143,data_logs,2025-08-21 13:48:51,30.0,40.0,5.0,
LCC,Airtemp,LCC Airtemp,Temperature,Pass,Pass,32.8423,data_logs,2025-08-21 13:48:53,30.0,40.0,5.0,
LCC,Airtemp,LCC Airtemp,Temperature,Pass,Pass,32.96675,data_logs,2025-08-21 13:48:54,30.0,40.0,5.0,
LCC,Airtemp,LCC Airtemp,Temperature,Pass,Pass,32.96111,data_logs,2025-08-21 13:48:56,30.0,40.0,5.0,
LCC,Airtemp,LCC Airtemp,Temperature,Pass,Pass,32.92963,data_logs,2025-08-21 13:48:58,30.0,40.0,5.0,
LCC,Airtemp,LCC Airtemp,Temperature,Pass,Pass,32.88551,data_logs,2025-08-21 13:48:59,30.0,40.0,5.0,
LCC,Airtemp,LCC Airtemp,Temperature,Pass,Pass,33.00605,data_logs,2025-08-21 13:49:01,30.0,40.0,5.0,
LCC,Airtemp,LCC Airtemp,Temperature,Pass,Pass,33.04996,data_logs,2025-08-21 13:49:03,30.0,40.0,5.0,
LCC,Airtemp,LCC Airtemp,Temperature,Pass,Pass,33.02466,data_logs,2025-08-21 13:49:04,30.0,40.0,5.0,
LCC,Airtemp,LCC Airtemp,Temperature,Pass,Pass,33.07405,data_logs,2025-08-21 13:49:05,30.0,40.0,5.0,
LCC,Airtemp,LCC Airtemp,Temperature,Pass,Pass,33.05009,data_logs,2025-08-21 13:49:06,30.0,40.0,5.0,
LCC,Airtemp,LCC Airtemp,Temperature,Pass,Pass,33.05341,data_logs,2025-08-21 13:49:08,30.0,40.0,5.0,
LCC,Airtemp,LCC Airtemp,Temperature,Pass,Pass,33.01341,data_logs,2025-08-21 13:49:09,30.0,40.0,5.0,
LCC,Airtemp,LCC Airtemp,Temperature,Pass,Pass,33.19735,data_logs,2025-08-21 13:49:10,30.0,40.0,5.0,
LCC,Airtemp,LCC Airtemp,Temperature,Pass,Pass,33.09718,data_logs,2025-08-21 13:49:12,30.0,40.0,5.0,
LCC,Airtemp,LCC Airtemp,Temperature,Pass,Pass,33.2041,data_logs,2025-08-21 13:49:13,30.0,40.0,5.0,
LCC,Airtemp,LCC Airtemp,Temperature,Pass,Pass,33.25851,data_logs,2025-08-21 13:49:15,30.0,40.0,5.0,
LCC,Airtemp,LCC Airtemp,Temperature,Pass,Pass,33.24173,data_logs,2025-08-21 13:49:17,30.0,40.0,5.0,
LCC,Airtemp,LCC Airtemp,Temperature,Pass,Pass,33.26971,data_logs,2025-08-21 13:49:18,30.0,40.0,5.0,
LCC,Airtemp,LCC Airtemp,Temperature,Pass,Pass,33.32474,data_logs,2025-08-21 13:49:20,30.0,40.0,5.0,
LCC,Airtemp,LCC Airtemp,Temperature,Pass,Pass,33.23753,data_logs,2025-08-21 13:49:21,30.0,40.0,5.0,
LCC,Airtemp,LCC Airtemp,Temperature,Pass,Pass,33.32712,data_logs,2025-08-21 13:49:23,30.0,40.0,5.0,
LCC,Airtemp,LCC Airtemp,Temperature,Pass,Pass,33.31836,data_logs,2025-08-21 13:49:25,30.0,40.0,5.0,
LCC,Airtemp,LCC Airtemp,Temperature,Pass,Pass,33.40825,data_logs,2025-08-21 13:49:26,30.0,40.0,5.0,
LCC,Airtemp,LCC Airtemp,Temperature,Pass,Pass,33.30343,data_logs,2025-08-21 13:49:28,30.0,40.0,5.0,
LCC,Airtemp,LCC Airtemp,Temperature,Pass,Pass,33.32669,data_logs,2025-08-21 13:49:29,30.0,40.0,5.0,
LCC,Airtemp,LCC Airtemp,Temperature,Pass,Pass,33.45364,data_logs,2025-08-21 13:49:31,30.0,40.0,5.0,
LCC,Airtemp,LCC Airtemp,Temperature,Pass,Pass,33.52063,data_logs,2025-08-21 13:49:33,30.0,40.0,5.0,
LCC,Airtemp,LCC Airtemp,Temperature,Pass,Pass,33.39656,data_logs,2025-08-21 13:49:34,30.0,40.0,5.0,
LCC,Airtemp,LCC Airtemp,Temperature,Pass,Pass,33.47934,data_logs,2025-08-21 13:49:36,30.0,40.0,5.0,
LCC,Airtemp,LCC Airtemp,Temperature,Pass,Pass,33.47391,data_logs,2025-08-21 13:49:37,30.0,40.0,5.0,
LCC,Airtemp,LCC Airtemp,Temperature,Pass,Pass,33.40285,data_logs,2025-08-21 13:49:39,30.0,40.0,5.0,
LCC,Airtemp,LCC Airtemp,Temperature,Pass,Pass,33.57589,data_logs,2025-08-21 13:49:41,30.0,40.0,5.0,
LCC,Airtemp,LCC Airtemp,Temperature,Pass,Pass,33.46823,data_logs,2025-08-21 13:49:42,30.0,40.0,5.0,
LCC,Airtemp,LCC Airtemp,Temperature,Pass,Pass,33.54858,data_logs,2025-08-21 13:49:44,30.0,40.0,5.0,
LCC,Airtemp,LCC Airtemp,Temperature,Pass,Pass,33.53153,data_logs,2025-08-21 13:49:45,30.0,40.0,5.0,
LCC,Airtemp,LCC Airtemp,Temperature,Pass,Pass,33.58961,data_logs,2025-08-21 13:49:47,30.0,40.0,5.0,
LCC,Airtemp,LCC Airtemp,Temperature,Pass,Pass,33.63846,data_logs,2025-08-21 13:49:48,30.0,40.0,5.0,
LCC,Airtemp,LCC Airtemp,Temperature,Pass,Pass,33.70684,data_logs,2025-08-21 13:49:50,30.0,40.0,5.0,
LCC,Airtemp,LCC Airtemp,Temperature,Pass,Pass,33.65723,data_logs,2025-08-21 13:49:52,30.0,40.0,5.0,
LCC,Airtemp,LCC Airtemp,Temperature,Pass,Pass,33.60192,data_logs,2025-08-21 13:49:53,30.0,40.0,5.0,
LCC,Airtemp,LCC Airtemp,Temperature,Pass,Pass,33.67879,data_logs,2025-08-21 13:49:55,30.0,40.0,5.0,
LCC,Airtemp,LCC Airtemp,Temperature,Pass,Pass,33.64973,data_logs,2025-08-21 13:49:56,30.0,40.0,5.0,
LCC,Airtemp,LCC Airtemp,Temperature,Pass,Pass,33.84601,data_logs,2025-08-21 13:49:58,30.0,40.0,5.0,
LCC,Airtemp,LCC Airtemp,Temperature,Pass,Pass,33.8014,data_logs,2025-08-21 13:50:00,30.0,40.0,5.0,
LCC,Airtemp,LCC Airtemp,Temperature,Pass,Pass,33.83741,data_logs,2025-08-21 13:50:01,30.0,40.0,5.0,
LCC,Airtemp,LCC Airtemp,Temperature,Pass,Pass,33.78522,data_logs,2025-08-21 13:50:03,30.0,40.0,5.0,
LCC,Airtemp,LCC Airtemp,Temperature,Pass,Pass,33.73832,data_logs,2025-08-21 13:50:04,30.0,40.0,5.0,
LCC,Airtemp,LCC Airtemp,Temperature,Pass,Pass,33.94511,data_logs,2025-08-21 13:50:06,30.0,40.0,5.0,
LCC,Airtemp,LCC Airtemp,Temperature,Pass,Pass,33.87909,data_logs,2025-08-21 13:50:08,30.0,40.0,5.0,
LCC,Airtemp,LCC Airtemp,Temperature,Pass,Pass,33.8441,data_logs,2025-08-21 13:50:09,30.0,40.0,5.0,
LCC,Airtemp,LCC Airtemp,Temperature,Pass,Pass,33.98285,data_logs,2025-08-21 13:50:11,30.0,40.0,5.0,
LCC,Airtemp,LCC Airtemp,Temperature,Pass,Pass,33.99826,data_logs,2025-08-21 13:50:12,30.0,40.0,5.0,
LCC,Airtemp,LCC Airtemp,Temperature,Pass,Pass,33.93127,data_logs,2025-08-21 13:50:14,30.0,40.0,5.0,
LCC,Airtemp,LCC Airtemp,Temperature,Pass,Pass,34.05968,data_logs,2025-08-21 13:50:15,30.0,40.0,5.0,
LCC,Airtemp,LCC Airtemp,Temperature,Pass,Pass,33.93912,data_logs,2025-08-21 13:50:17,30.0,40.0,5.0,
LCC,Airtemp,LCC Airtemp,Temperature,Pass,Pass,33.99645,data_logs,2025-08-21 13:50:18,30.0,40.0,5.0,
LCC,Airtemp,LCC Airtemp,Temperature,Pass,Pass,33.93584,data_logs,2025-08-21 13:50:19,30.0,40.0,5.0,
LCC,Airtemp,LCC Airtemp,Temperature,Pass,Pass,33.97177,data_logs,2025-08-21 13:50:21,30.0,40.0,5.0,
LCC,Airtemp,LCC Airtemp,Temperature,Pass,Pass,34.04498,data_logs,2025-08-21 13:50:22,30.0,40.0,5.0,
LCC,Airtemp,LCC Airtemp,Temperature,Pass,Pass,34.04874,data_logs,2025-08-21 13:50:23,30.0,40.0,5.0,
LCC,Airtemp,LCC Airtemp,Temperature,Pass,Pass,34.11106,data_logs,2025-08-21 13:50:24,30.0,40.0,5.0,
LCC,Airtemp,LCC Airtemp,Temperature,Pass,Pass,34.20725,data_logs,2025-08-21 13:50:26,30.0,40.0,5.0,
LCC,Airtemp,LCC Airtemp,Temperature,Pass,Pass,34.11393,data_logs,2025-08-21 13:50:27,30.0,40.0,5.0,
LCC,Airtemp,LCC Airtemp,Temperature,Pass,Pass,34.17143,data_logs,2025-08-21 13:50:28,30.0,40.0,5.0,
LCC,Airtemp,LCC Airtemp,Temperature,Pass,Pass,34.11671,data_logs,2025-08-21 13:50:30,30.0,40.0,5.0,
LCC,Airtemp,LCC Airtemp,Temperature,Pass,Pass,34.22504,data_logs,2025-08-21 13:50:31,30.0,40.0,5.0,
LCC,Airtemp,LCC Airtemp,Temperature,Pass,Pass,34.12822,data_logs,2025-08-21 13:50:32,30.0,40.0,5.0,
LCC,Airtemp,LCC Airtemp,Temperature,Pass,Pass,34.26212,data_logs,2025-08-21 13:50:33,30.0,40.0,5.0,
LCC,Airtemp,LCC Airtemp,Temperature,Pass,Pass,34.15385,data_logs,2025-08-21 13:50:35,30.0,40.0,5.0,
LCC,Airtemp,LCC Airtemp,Temperature,Pass,Pass,34.28206,data_logs,2025-08-21 13:50:36,30.0,40.0,5.0,
LCC,Airtemp,LCC Airtemp,Temperature,Pass,Pass,34.22692,data_logs,2025-08-21 13:50:38,30.0,40.0,5.0,
LCC,Airtemp,LCC Airtemp,Temperature,Pass,Pass,34.25026,data_logs,2025-08-21 13:50:39,30.0,40.0,5.0,
LCC,Airtemp,LCC Airtemp,Temperature,Pass,Pass,34.38852,data_logs,2025-08-21 13:50:41,30.0,40.0,5.0,
LCC,Airtemp,LCC Airtemp,Temperature,Pass,Pass,34.34232,data_logs,2025-08-21 13:50:43,30.0,40.0,5.0,
LCC,Airtemp,LCC Airtemp,Temperature,Pass,Pass,34.34934,data_logs,2025-08-21 13:50:44,30.0,40.0,5.0,
LCC,Airtemp,LCC Airtemp,Temperature,Pass,Pass,34.3061,data_logs,2025-08-21 13:50:46,30.0,40.0,5.0,
LCC,Airtemp,LCC Airtemp,Temperature,Pass,Pass,34.43615,data_logs,2025-08-21 13:50:47,30.0,40.0,5.0,
LCC,Airtemp,LCC Airtemp,Temperature,Pass,Pass,34.37381,data_logs,2025-08-21 13:50:49,30.0,40.0,5.0,
LCC,Airtemp,LCC Airtemp,Temperature,Pass,Pass,34.41603,data_logs,2025-08-21 13:50:51,30.0,40.0,5.0,
LCC,Airtemp,LCC Airtemp,Temperature,Pass,Pass,34.44125,data_logs,2025-08-21 13:50:52,30.0,40.0,5.0,
LCC,Airtemp,LCC Airtemp,Temperature,Pass,Pass,34.53471,data_logs,2025-08-21 13:50:54,30.0,40.0,5.0,
LCC,Airtemp,LCC Airtemp,Temperature,Pass,Pass,34.4501,data_logs,2025-08-21 13:50:56,30.0,40.0,5.0,
LCC,Airtemp,LCC Airtemp,Temperature,Pass,Pass,34.59224,data_logs,2025-08-21 13:50:57,30.0,40.0,5.0,
LCC,Airtemp,LCC Airtemp,Temperature,Pass,Pass,34.56175,data_logs,2025-08-21 13:50:59,30.0,40.0,5.0,
LCC,Airtemp,LCC Airtemp,Temperature,Pass,Pass,34.52884,data_logs,2025-08-21 13:51:01,30.0,40.0,5.0,
LCC,Airtemp,LCC Airtemp,Temperature,Pass,Pass,34.5432,data_logs,2025-08-21 13:51:02,30.0,40.0,5.0,
LCC,Airtemp,LCC Airtemp,Temperature,Pass,Pass,34.58675,data_logs,2025-08-21 13:51:03,30.0,40.0,5.0,
LCC,Airtemp,LCC Airtemp,Temperature,Pass,Pass,34.668,data_logs,2025-08-21 13:51:05,30.0,40.0,5.0,
LCC,Airtemp,LCC Airtemp,Temperature,Pass,Pass,34.61617,data_logs,2025-08-21 13:51:07,30.0,40.0,5.0,
LCC,Airtemp,LCC Airtemp,Temperature,Pass,Pass,34.62079,data_logs,2025-08-21 13:51:08,30.0,40.0,5.0,
LCC,Airtemp,LCC Airtemp,Temperature,Pass,Pass,34.81206,data_logs,2025-08-21 13:51:10,30.0,40.0,5.0,
LCC,Airtemp,LCC Airtemp,Temperature,Pass,Pass,34.82492,data_logs,2025-08-21 13:51:11,30.0,40.0,5.0,
LCC,Airtemp,LCC Airtemp,Temperature,Pass,Pass,34.67529,data_logs,2025-08-21 13:51:13,30.0,40.0,5.0,
LCC,Airtemp,LCC Airtemp,Temperature,Pass,Pass,34.74545,data_logs,2025-08-21 13:51:14,30.0,40.0,5.0,
LCC,Airtemp,LCC Airtemp,Temperature,Pass,Pass,34.86603,data_logs,2025-08-21 13:51:15,30.0,40.0,5.0,
LCC,Airtemp,LCC Airtemp,Temperature,Pass,Pass,34.89439,data_logs,2025-08-21 13:51:16,30.0,40.0,5.0,
LCC,Airtemp,LCC Airtemp,Temperature,Pass,Pass,34.87175,data_logs,2025-08-21 13:51:18,30.0,40.0,5.0,
LCC,Airtemp,LCC Airtemp,Temperature,Pass,Pass,34.77062,data_logs,2025-08-21 13:51:19,30.0,40.0,5.0,
LCC,Airtemp,LCC Airtemp,Temperature,Pass,Pass,34.93837,data_logs,2025-08-21 13:51:21,30.0,40.0,5.0,
LCC,Airtemp,LCC Airtemp,Temperature,Pass,Pass,34.8651,data_logs,2025-08-21 13:51:22,30.0,40.0,5.0,
LCC,Airtemp,LCC Airtemp,Temperature,Pass,Pass,34.96445,data_logs,2025-08-21 13:51:24,30.0,40.0,5.0,
LCC,Airtemp,LCC Airtemp,Temperature,Pass,Pass,34.90274,data_logs,2025-08-21 13:51:26,30.0,40.0,5.0,
LCC,Airtemp,LCC Airtemp,Temperature,Pass,Pass,34.98557,data_logs,2025-08-21 13:51:27,30.0,40.0,5.0,
LCC,Airtemp,LCC Airtemp,Temperature,Pass,Pass,35.03145,data_logs,2025-08-21 13:51:29,30.0,40.0,5.0,
LCC,Airtemp,LCC Airtemp,Temperature,Pass,Pass,34.96505,data_logs,2025-08-21 13:51:30,30.0,40.0,5.0,
LCC,Airtemp,LCC Airtemp,Temperature,Pass,Pass,34.94899,data_logs,2025-08-21 13:51:32,30.0,40.0,5.0,
LCC,Airtemp,LCC Airtemp,Temperature,Pass,Pass,34.93551,data_logs,2025-08-21 13:51:34,30.0,40.0,5.0,
LCC,Airtemp,LCC Airtemp,Temperature,Pass,Pass,35.08148,data_logs,2025-08-21 13:51:35,30.0,40.0,5.0,
LCC,Airtemp,LCC Airtemp,Temperature,Pass,Pass,34.97874,data_logs,2025-08-21 13:51:37,30.0,40.0,5.0,
LCC,Airtemp,LCC Airtemp,Temperature,Pass,Pass,35.10075,data_logs,2025-08-21 13:51:38,30.0,40.0,5.0,
LCC,Airtemp,LCC Airtemp,Temperature,Pass,Pass,35.01597,data_logs,2025-08-21 13:51:40,30.0,40.0,5.0,
LCC,Airtemp,LCC Airtemp,Temperature,Pass,Pass,35.05052,data_logs,2025-08-21 13:51:42,30.0,40.0,5.0,
LCC,Airtemp,LCC Airtemp,Temperature,Pass,Pass,35.2028,data_logs,2025-08-21 13:51:44,30.0,40.0,5.0,
LCC,Airtemp,LCC Airtemp,Temperature,Pass,Pass,35.17768,data_logs,2025-08-21 13:51:46,30.0,40.0,5.0,
LCC,Airtemp,LCC Airtemp,Temperature,Pass,Pass,35.18335,data_logs,2025-08-21 13:51:48,30.0,40.0,5.0,
LCC,Airtemp,LCC Airtemp,Temperature,Pass,Pass,35.19922,data_logs,2025-08-21 13:51:49,30.0,40.0,5.0,
LCC,Airtemp,LCC Airtemp,Temperature,Pass,Pass,35.2131,data_logs,2025-08-21 13:51:51,30.0,40.0,5.0,
LCC,Airtemp,LCC Airtemp,Temperature,Pass,Pass,35.38284,data_logs,2025-08-21 13:51:53,30.0,40.0,5.0,
LCC,Airtemp,LCC Airtemp,Temperature,Pass,Pass,35.3513,data_logs,2025-08-21 13:51:54,30.0,40.0,5.0,
LCC,Airtemp,LCC Airtemp,Temperature,Pass,Pass,35.38172,data_logs,2025-08-21 13:51:55,30.0,40.0,5.0,
LCC,Airtemp,LCC Airtemp,Temperature,Pass,Pass,35.44112,data_logs,2025-08-21 13:51:57,30.0,40.0,5.0,
LCC,Airtemp,LCC Airtemp,Temperature,Pass,Pass,35.29912,data_logs,2025-08-21 13:51:58,30.0,40.0,5.0,
LCC,Airtemp,LCC Airtemp,Temperature,Pass,Pass,35.32226,data_logs,2025-08-21 13:51:59,30.0,40.0,5.0,
LCC,Airtemp,LCC Airtemp,Temperature,Pass,Pass,35.33807,data_logs,2025-08-21 13:52:01,30.0,40.0,5.0,
LCC,Airtemp,LCC Airtemp,Temperature,Pass,Pass,35.42519,data_logs,2025-08-21 13:52:03,30.0,40.0,5.0,
LCC,Airtemp,LCC Airtemp,Temperature,Pass,Pass,35.34119,data_logs,2025-08-21 13:52:04,30.0,40.0,5.0,
LCC,Airtemp,LCC Airtemp,Temperature,Pass,Pass,35.46575,data_logs,2025-08-21 13:52:05,30.0,40.0,5.0,
LCC,Airtemp,LCC Airtemp,Temperature,Pass,Pass,35.45922,data_logs,2025-08-21 13:52:07,30.0,40.0,5.0,
LCC,Airtemp,LCC Airtemp,Temperature,Pass,Pass,35.54438,data_logs,2025-08-21 13:52:09,30.0,40.0,5.0,
LCC,Airtemp,LCC Airtemp,Temperature,Pass,Pass,35.46046,data_logs,2025-08-21 13:52:10,30.0,40.0,5.0,
LCC,Airtemp,LCC Airtemp,Temperature,Pass,Pass,35.61761,data_logs,2025-08-21 13:52:12,30.0,40.0,5.0,
LCC,Airtemp,LCC Airtemp,Temperature,Pass,Pass,35.52232,data_logs,2025-08-21 13:52:13,30.0,40.0,5.0,
LCC,Airtemp,LCC Airtemp,Temperature,Pass,Pass,35.48577,data_logs,2025-08-21 13:52:15,30.0,40.0,5.0,
LCC,Airtemp,LCC Airtemp,Temperature,Pass,Pass,35.67601,data_logs,2025-08-21 13:52:17,30.0,40.0,5.0,
LCC,Airtemp,LCC Airtemp,Temperature,Pass,Pass,35.55698,data_logs,2025-08-21 13:52:18,30.0,40.0,5.0,
LCC,Airtemp,LCC Airtemp,Temperature,Pass,Pass,35.56629,data_logs,2025-08-21 13:52:20,30.0,40.0,5.0,
LCC,Airtemp,LCC Airtemp,Temperature,Pass,Pass,35.71007,data_logs,2025-08-21 13:52:21,30.0,40.0,5.0,
LCC,Airtemp,LCC Airtemp,Temperature,Pass,Pass,35.71361,data_logs,2025-08-21 13:52:23,30.0,40.0,5.0,
LCC,Airtemp,LCC Airtemp,Temperature,Pass,Pass,35.71827,data_logs,2025-08-21 13:52:24,30.0,40.0,5.0,
LCC,Airtemp,LCC Airtemp,Temperature,Pass,Pass,35.67204,data_logs,2025-08-21 13:52:26,30.0,40.0,5.0,
LCC,Airtemp,LCC Airtemp,Temperature,Pass,Pass,35.6552,data_logs,2025-08-21 13:52:28,30.0,40.0,5.0,
LCC,Airtemp,LCC Airtemp,Temperature,Pass,Pass,35.77818,data_logs,2025-08-21 13:52:29,30.0,40.0,5.0,
LCC,Airtemp,LCC Airtemp,Temperature,Pass,Pass,35.8738,data_logs,2025-08-21 13:52:30,30.0,40.0,5.0,
LCC,Airtemp,LCC Airtemp,Temperature,Pass,Pass,35.81843,data_logs,2025-08-21 13:52:32,30.0,40.0,5.0,
LCC,Airtemp,LCC Airtemp,Temperature,Pass,Pass,35.81114,data_logs,2025-08-21 13:52:34,30.0,40.0,5.0,
LCC,Airtemp,LCC Airtemp,Temperature,Pass,Pass,35.80234,data_logs,2025-08-21 13:52:36,30.0,40.0,5.0,
LCC,Airtemp,LCC Airtemp,Temperature,Pass,Pass,35.92591,data_logs,2025-08-21 13:52:37,30.0,40.0,5.0,
LCC,Airtemp,LCC Airtemp,Temperature,Pass,Pass,35.86999,data_logs,2025-08-21 13:52:39,30.0,40.0,5.0,
LCC,Airtemp,LCC Airtemp,Temperature,Pass,Pass,35.91492,data_logs,2025-08-21 13:52:41,30.0,40.0,5.0,
LCC,Airtemp,LCC Airtemp,Temperature,Pass,Pass,35.96374,data_logs,2025-08-21 13:52:43,30.0,40.0,5.0,
LCC,Airtemp,LCC Airtemp,Temperature,Pass,Pass,35.97568,data_logs,2025-08-21 13:52:44,30.0,40.0,5.0,
LCC,Airtemp,LCC Airtemp,Temperature,Pass,Pass,36.08738,data_logs,2025-08-21 13:52:46,30.0,40.0,5.0,
LCC,Airtemp,LCC Airtemp,Temperature,Pass,Pass,36.07196,data_logs,2025-08-21 13:52:47,30.0,40.0,5.0,
LCC,Airtemp,LCC Airtemp,Temperature,Pass,Pass,36.01955,data_logs,2025-08-21 13:52:48,30.0,40.0,5.0,
LCC,Airtemp,LCC Airtemp,Temperature,Pass,Pass,36.03333,data_logs,2025-08-21 13:52:50,30.0,40.0,5.0,
LCC,Airtemp,LCC Airtemp,Temperature,Pass,Pass,35.99315,data_logs,2025-08-21 13:52:52,30.0,40.0,5.0,
LCC,Airtemp,LCC Airtemp,Temperature,Pass,Pass,36.10703,data_logs,2025-08-21 13:52:53,30.0,40.0,5.0,
LCC,Airtemp,LCC Airtemp,Temperature,Pass,Pass,36.02211,data_logs,2025-08-21 13:52:55,30.0,40.0,5.0,
LCC,Airtemp,LCC Airtemp,Temperature,Pass,Pass,36.14831,data_logs,2025-08-21 13:52:56,30.0,40.0,5.0,
LCC,Airtemp,LCC Airtemp,Temperature,Pass,Pass,36.17736,data_logs,2025-08-21 13:52:58,30.0,40.0,5.0,
LCC,Airtemp,LCC Airtemp,Temperature,Pass,Pass,36.12274,data_logs,2025-08-21 13:53:00,30.0,40.0,5.0,
LCC,Airtemp,LCC Airtemp,Temperature,Pass,Pass,36.18886,data_logs,2025-08-21 13:53:01,30.0,40.0,5.0,
LCC,Airtemp,LCC Airtemp,Temperature,Pass,Pass,36.28212,data_logs,2025-08-21 13:53:03,30.0,40.0,5.0,
LCC,Airtemp,LCC Airtemp,Temperature,Pass,Pass,36.15825,data_logs,2025-08-21 13:53:04,30.0,40.0,5.0,
LCC,Airtemp,LCC Airtemp,Temperature,Pass,Pass,36.26731,data_logs,2025-08-21 13:53:06,30.0,40.0,5.0,
LCC,Airtemp,LCC Airtemp,Temperature,Pass,Pass,36.28244,data_logs,2025-08-21 13:53:08,30.0,40.0,5.0,
LCC,Airtemp,LCC Airtemp,Temperature,Pass,Pass,36.24719,data_logs,2025-08-21 13:53:09,30.0,40.0,5.0,
LCC,Airtemp,LCC Airtemp,Temperature,Pass,Pass,36.26374,data_logs,2025-08-21 13:53:11,30.0,40.0,5.0,
LCC,Airtemp,LCC Airtemp,Temperature,Pass,Pass,36.44032,data_logs,2025-08-21 13:53:13,30.0,40.0,5.0,
LCC,Airtemp,LCC Airtemp,Temperature,Pass,Pass,36.3586,data_logs,2025-08-21 13:53:14,30.0,40.0,5.0,
LCC,Airtemp,LCC Airtemp,Temperature,Pass,Pass,36.43311,data_logs,2025-08-21 13:53:15,30.0,40.0,5.0,
LCC,Airtemp,LCC Airtemp,Temperature,Pass,Pass,36.3312,data_logs,2025-08-21 13:53:17,30.0,40.0,5.0,
LCC,Airtemp,LCC Airtemp,Temperature,Pass,Pass,36.42865,data_logs,2025-08-21 13:53:19,30.0,40.0,5.0,
LCC,Airtemp,LCC Airtemp,Temperature,Pass,Pass,36.37824,data_logs,2025-08-21 13:53:20,30.0,40.0,5.0,
LCC,Airtemp,LCC Airtemp,Temperature,Pass,Pass,36.55677,data_logs,2025-08-21 13:53:22,30.0,40.0,5.0,
LCC,Airtemp,LCC Airtemp,Temperature,Pass,Pass,36.40345,data_logs,2025-08-21 13:53:23,30.0,40.0,5.0,
LCC,Airtemp,LCC Airtemp,Temperature,Pass,Pass,36.54012,data_logs,2025-08-21 13:53:25,30.0,40.0,5.0,
LCC,Airtemp,LCC Airtemp,Temperature,Pass,Pass,36.48861,data_logs,2025-08-21 13:53:27,30.0,40.0,5.0,
LCC,Airtemp,LCC Airtemp,Temperature,Pass,Pass,36.63239,data_logs,2025-08-21 13:53:28,30.0,40.0,5.0,
LCC,Airtemp,LCC Airtemp,Temperature,Pass,Pass,36.61725,data_logs,2025-08-21 13:53:30,30.0,40.0,5.0,
LCC,Airtemp,LCC Airtemp,Temperature,Pass,Pass,36.69343,data_logs,2025-08-21 13:53:31,30.0,40.0,5.0,
LCC,Airtemp,LCC Airtemp,Temperature,Pass,Pass,36.62319,data_logs,2025-08-21 13:53:33,30.0,40.0,5.0,
LCC,Airtemp,LCC Airtemp,Temperature,Pass,Pass,36.55813,data_logs,2025-08-21 13:53:34,30.0,40.0,5.0,
LCC,Airtemp,LCC Airtemp,Temperature,Pass,Pass,36.60533,data_logs,2025-08-21 13:53:35,30.0,40.0,5.0,
LCC,Airtemp,LCC Airtemp,Temperature,Pass,Pass,36.7622,data_logs,2025-08-21 13:53:37,30.0,40.0,5.0,
LCC,Airtemp,LCC Airtemp,Temperature,Pass,Pass,36.74553,data_logs,2025-08-21 13:53:38,30.0,40.0,5.0,
LCC,Airtemp,LCC Airtemp,Temperature,Pass,Pass,36.73148,data_logs,2025-08-21 13:53:40,30.0,40.0,5.0,
LCC,Airtemp,LCC Airtemp,Temperature,Pass,Pass,36.77961,data_logs,2025-08-21 13:53:41,30.0,40.0,5.0,
LCC,Airtemp,LCC Airtemp,Temperature,Pass,Pass,36.79049,data_logs,2025-08-21 13:53:43,30.0,40.0,5.0,
LCC,Airtemp,LCC Airtemp,Temperature,Pass,Pass,36.69386,data_logs,2025-08-21 13:53:44,30.0,40.0,5.0,
LCC,Airtemp,LCC Airtemp,Temperature,Pass,Pass,36.79703,data_logs,2025-08-21 13:53:46,30.0,40.0,5.0,
LCC,Airtemp,LCC Airtemp,Temperature,Pass,Pass,36.82921,data_logs,2025-08-21 13:53:47,30.0,40.0,5.0,
LCC,Airtemp,LCC Airtemp,Temperature,Pass,Pass,36.85858,data_logs,2025-08-21 13:53:49,30.0,40.0,5.0,
LCC,Airtemp,LCC Airtemp,Temperature,Pass,Pass,36.93752,data_logs,2025-08-21 13:53:50,30.0,40.0,5.0,
LCC,Airtemp,LCC Airtemp,Temperature,Pass,Pass,36.83711,data_logs,2025-08-21 13:53:52,30.0,40.0,5.0,
LCC,Airtemp,LCC Airtemp,Temperature,Pass,Pass,36.87729,data_logs,2025-08-21 13:53:54,30.0,40.0,5.0,
LCC,Airtemp,LCC Airtemp,Temperature,Pass,Pass,36.97871,data_logs,2025-08-21 13:53:56,30.0,40.0,5.0,
LCC,Airtemp,LCC Airtemp,Temperature,Pass,Pass,36.95936,data_logs,2025-08-21 13:53:57,30.0,40.0,5.0,
LCC,Airtemp,LCC Airtemp,Temperature,Pass,Pass,37.06314,data_logs,2025-08-21 13:53:59,30.0,40.0,5.0,
LCC,Airtemp,LCC Airtemp,Temperature,Pass,Pass,36.89601,data_logs,2025-08-21 13:54:00,30.0,40.0,5.0,
LCC,Airtemp,LCC Airtemp,Temperature,Pass,Pass,36.94173,data_logs,2025-08-21 13:54:02,30.0,40.0,5.0,
LCC,Airtemp,LCC Airtemp,Temperature,Pass,Pass,37.05217,data_logs,2025-08-21 13:54:04,30.0,40.0,5.0,
LCC,Airtemp,LCC Airtemp,Temperature,Pass,Pass,36.96777,data_logs,2025-08-21 13:54:06,30.0,40.0,5.0,
LCC,Airtemp,LCC Airtemp,Temperature,Pass,Pass,37.1635,data_logs,2025-08-21 13:54:08,30.0,40.0,5.0,
LCC,Airtemp,LCC Airtemp,Temperature,Pass,Pass,37.19582,data_logs,2025-08-21 13:54:10,30.0,40.0,5.0,
LCC,Airtemp,LCC Airtemp,Temperature,Pass,Pass,37.22318,data_logs,2025-08-21 13:54:11,30.0,40.0,5.0,
LCC,Airtemp,LCC Airtemp,Temperature,Pass,Pass,37.07314,data_logs,2025-08-21 13:54:13,30.0,40.0,5.0,
LCC,Airtemp,LCC Airtemp,Temperature,Pass,Pass,37.23436,data_logs,2025-08-21 13:54:14,30.0,40.0,5.0,
LCC,Airtemp,LCC Airtemp,Temperature,Pass,Pass,37.18258,data_logs,2025-08-21 13:54:16,30.0,40.0,5.0,
LCC,Airtemp,LCC Airtemp,Temperature,Pass,Pass,37.1558,data_logs,2025-08-21 13:54:17,30.0,40.0,5.0,
LCC,Airtemp,LCC Airtemp,Temperature,Pass,Pass,37.29504,data_logs,2025-08-21 13:54:18,30.0,40.0,5.0,
LCC,Airtemp,LCC Airtemp,Temperature,Pass,Pass,37.28855,data_logs,2025-08-21 13:54:20,30.0,40.0,5.0,
LCC,Airtemp,LCC Airtemp,Temperature,Pass,Pass,37.33461,data_logs,2025-08-21 13:54:21,30.0,40.0,5.0,
LCC,Airtemp,LCC Airtemp,Temperature,Pass,Pass,37.25358,data_logs,2025-08-21 13:54:23,30.0,40.0,5.0,
LCC,Airtemp,LCC Airtemp,Temperature,Pass,Pass,37.34619,data_logs,2025-08-21 13:54:24,30.0,40.0,5.0,
LCC,Airtemp,LCC Airtemp,Temperature,Pass,Pass,37.34487,data_logs,2025-08-21 13:54:26,30.0,40.0,5.0,
LCC,Airtemp,LCC Airtemp,Temperature,Pass,Pass,37.43743,data_logs,2025-08-21 13:54:28,30.0,40.0,5.0,
LCC,Airtemp,LCC Airtemp,Temperature,Pass,Pass,37.31473,data_logs,2025-08-21 13:54:29,30.0,40.0,5.0,
LCC,Airtemp,LCC Airtemp,Temperature,Pass,Pass,37.29567,data_logs,2025-08-21 13:54:31,30.0,40.0,5.0,
LCC,Airtemp,LCC Airtemp,Temperature,Pass,Pass,37.49732,data_logs,2025-08-21 13:54:32,30.0,40.0,5.0,
LCC,Airtemp,LCC Airtemp,Temperature,Pass,Pass,37.50074,data_logs,2025-08-21 13:54:34,30.0,40.0,5.0,
LCC,Airtemp,LCC Airtemp,Temperature,Pass,Pass,37.42671,data_logs,2025-08-21 13:54:35,30.0,40.0,5.0,
LCC,Airtemp,LCC Airtemp,Temperature,Pass,Pass,37.56273,data_logs,2025-08-21 13:54:37,30.0,40.0,5.0,
LCC,Airtemp,LCC Airtemp,Temperature,Pass,Pass,37.48825,data_logs,2025-08-21 13:54:39,30.0,40.0,5.0,
LCC,Airtemp,LCC Airtemp,Temperature,Pass,Pass,37.53185,data_logs,2025-08-21 13:54:41,30.0,40.0,5.0,
LCC,Airtemp,LCC Airtemp,Temperature,Pass,Pass,37.5958,data_logs,2025-08-21 13:54:43,30.0,40.0,5.0,
LCC,Airtemp,LCC Airtemp,Temperature,Pass,Pass,37.67782,data_logs,2025-08-21 13:54:45,30.0,40.0,5.0,
LCC,Airtemp,LCC Airtemp,Temperature,Pass,Pass,37.57159,data_logs,2025-08-21 13:54:46,30.0,40.0,5.0,
LCC,Airtemp,LCC Airtemp,Temperature,Pass,Pass,37.58397,data_logs,2025-08-21 13:54:48,30.0,40.0,5.0,
LCC,Airtemp,LCC Airtemp,Temperature,Pass,Pass,37.64584,data_logs,2025-08-21 13:54:49,30.0,40.0,5.0,
LCC,Airtemp,LCC Airtemp,Temperature,Pass,Pass,37.60261,data_logs,2025-08-21 13:54:50,30.0,40.0,5.0,
LCC,Airtemp,LCC Airtemp,Temperature,Pass,Pass,37.60175,data_logs,2025-08-21 13:54:51,30.0,40.0,5.0,
LCC,Airtemp,LCC Airtemp,Temperature,Pass,Pass,37.70926,data_logs,2025-08-21 13:54:53,30.0,40.0,5.0,
LCC,Airtemp,LCC Airtemp,Temperature,Pass,Pass,37.62178,data_logs,2025-08-21 13:54:55,30.0,40.0,5.0,
LCC,Airtemp,LCC Airtemp,Temperature,Pass,Pass,37.65545,data_logs,2025-08-21 13:54:56,30.0,40.0,5.0,
LCC,Airtemp,LCC Airtemp,Temperature,Pass,Pass,37.66953,data_logs,2025-08-21 13:54:57,30.0,40.0,5.0,
LCC,Airtemp,LCC Airtemp,Temperature,Pass,Pass,37.73123,data_logs,2025-08-21 13:54:59,30.0,40.0,5.0,
LCC,Airtemp,LCC Airtemp,Temperature,Pass,Pass,37.75623,data_logs,2025-08-21 13:55:01,30.0,40.0,5.0,
LCC,Airtemp,LCC Airtemp,Temperature,Pass,Pass,37.77428,data_logs,2025-08-21 13:55:02,30.0,40.0,5.0,
LCC,Airtemp,LCC Airtemp,Temperature,Pass,Pass,37.78632,data_logs,2025-08-21 13:55:04,30.0,40.0,5.0,
LCC,Airtemp,LCC Airtemp,Temperature,Pass,Pass,37.92709,data_logs,2025-08-21 13:55:05,30.0,40.0,5.0,
LCC,Airtemp,LCC Airtemp,Temperature,Pass,Pass,37.92097,data_logs,2025-08-21 13:55:07,30.0,40.0,5.0,
LCC,Airtemp,LCC Airtemp,Temperature,Pass,Pass,37.90737,data_logs,2025-08-21 13:55:08,30.0,40.0,5.0,
LCC,Airtemp,LCC Airtemp,Temperature,Pass,Pass,37.87201,data_logs,2025-08-21 13:55:10,30.0,40.0,5.0,
LCC,Airtemp,LCC Airtemp,Temperature,Pass,Pass,37.86953,data_logs,2025-08-21 13:55:12,30.0,40.0,5.0,
LCC,Airtemp,LCC Airtemp,Temperature,Pass,Pass,37.99276,data_logs,2025-08-21 13:55:13,30.0,40.0,5.0,
LCC,Airtemp,LCC Airtemp,Temperature,Pass,Pass,37.9577,data_logs,2025-08-21 13:55:15,30.0,40.0,5.0,
LCC,Airtemp,LCC Airtemp,Temperature,Pass,Pass,37.99225,data_logs,2025-08-21 13:55:16,30.0,40.0,5.0,
LCC,Airtemp,LCC Airtemp,Temperature,Pass,Pass,37.92466,data_logs,2025-08-21 13:55:18,30.0,40.0,5.0,
LCC,Airtemp,LCC Airtemp,Temperature,Pass,Pass,38.04808,data_logs,2025-08-21 13:55:20,30.0,40.0,5.0,
LCC,Airtemp,LCC Airtemp,Temperature,Pass,Pass,38.06975,data_logs,2025-08-21 13:55:22,30.0,40.0,5.0,
LCC,Airtemp,LCC Airtemp,Temperature,Pass,Pass,38.07814,data_logs,2025-08-21 13:55:23,30.0,40.0,5.0,
LCC,Airtemp,LCC Airtemp,Temperature,Pass,Pass,38.13255,data_logs,2025-08-21 13:55:25,30.0,40.0,5.0,
LCC,Airtemp,LCC Airtemp,Temperature,Pass,Pass,38.21265,data_logs,2025-08-21 13:55:26,30.0,40.0,5.0,
LCC,Airtemp,LCC Airtemp,Temperature,Pass,Pass,38.11492,data_logs,2025-08-21 13:55:28,30.0,40.0,5.0,
LCC,Airtemp,LCC Airtemp,Temperature,Pass,Pass,38.12123,data_logs,2025-08-21 13:55:30,30.0,40.0,5.0,
LCC,Airtemp,LCC Airtemp,Temperature,Pass,Pass,38.169,data_logs,2025-08-21 13:55:31,30.0,40.0,5.0,
LCC,Airtemp,LCC Airtemp,Temperature,Pass,Pass,38.23386,data_logs,2025-08-21 13:55:33,30.0,40.0,5.0,
LCC,Airtemp,LCC Airtemp,Temperature,Pass,Pass,38.26649,data_logs,2025-08-21 13:55:34,30.0,40.0,5.0,
LCC,Airtemp,LCC Airtemp,Temperature,Pass,Pass,38.31302,data_logs,2025-08-21 13:55:36,30.0,40.0,5.0,
LCC,Airtemp,LCC Airtemp,Temperature,Pass,Pass,38.32253,data_logs,2025-08-21 13:55:38,30.0,40.0,5.0,
LCC,Airtemp,LCC Airtemp,Temperature,Pass,Pass,38.367,data_logs,2025-08-21 13:55:39,30.0,40.0,5.0,
LCC,Airtemp,LCC Airtemp,Temperature,Pass,Pass,38.3968,data_logs,2025-08-21 13:55:41,30.0,40.0,5.0,
LCC,Airtemp,LCC Airtemp,Temperature,Pass,Pass,38.26662,data_logs,2025-08-21 13:55:42,30.0,40.0,5.0,
LCC,Airtemp,LCC Airtemp,Temperature,Pass,Pass,38.33535,data_logs,2025-08-21 13:55:44,30.0,40.0,5.0,
LCC,Airtemp,LCC Airtemp,Temperature,Pass,Pass,38.47912,data_logs,2025-08-21 13:55:46,30.0,40.0,5.0,
LCC,Airtemp,LCC Airtemp,Temperature,Pass,Pass,38.45886,data_logs,2025-08-21 13:55:47,30.0,40.0,5.0,
LCC,Airtemp,LCC Airtemp,Temperature,Pass,Pass,38.4206,data_logs,2025-08-21 13:55:49,30.0,40.0,5.0,
LCC,Airtemp,LCC Airtemp,Temperature,Pass,Pass,38.42764,data_logs,2025-08-21 13:55:51,30.0,40.0,5.0,
LCC,Airtemp,LCC Airtemp,Temperature,Pass,Pass,38.44062,data_logs,2025-08-21 13:55:53,30.0,40.0,5.0,
LCC,Airtemp,LCC Airtemp,Temperature,Pass,Pass,38.4813,data_logs,2025-08-21 13:55:55,30.0,40.0,5.0,
LCC,Airtemp,LCC Airtemp,Temperature,Pass,Pass,38.60944,data_logs,2025-08-21 13:55:56,30.0,40.0,5.0,
LCC,Airtemp,LCC Airtemp,Temperature,Pass,Pass,38.47767,data_logs,2025-08-21 13:55:58,30.0,40.0,5.0,
LCC,Airtemp,LCC Airtemp,Temperature,Pass,Pass,38.61976,data_logs,2025-08-21 13:55:59,30.0,40.0,5.0,
LCC,Airtemp,LCC Airtemp,Temperature,Pass,Pass,38.6136,data_logs,2025-08-21 13:56:01,30.0,40.0,5.0,
LCC,Airtemp,LCC Airtemp,Temperature,Pass,Pass,38.72104,data_logs,2025-08-21 13:56:03,30.0,40.0,5.0,
LCC,Airtemp,LCC Airtemp,Temperature,Pass,Pass,38.67721,data_logs,2025-08-21 13:56:04,30.0,40.0,5.0,
LCC,Airtemp,LCC Airtemp,Temperature,Pass,Pass,38.69952,data_logs,2025-08-21 13:56:06,30.0,40.0,5.0,
LCC,Airtemp,LCC Airtemp,Temperature,Pass,Pass,38.64128,data_logs,2025-08-21 13:56:07,30.0,40.0,5.0,
LCC,Airtemp,LCC Airtemp,Temperature,Pass,Pass,38.61423,data_logs,2025-08-21 13:56:09,30.0,40.0,5.0,
LCC,Airtemp,LCC Airtemp,Temperature,Pass,Pass,38.71479,data_logs,2025-08-21 13:56:11,30.0,40.0,5.0,
LCC,Airtemp,LCC Airtemp,Temperature,Pass,Pass,38.68835,data_logs,2025-08-21 13:56:12,30.0,40.0,5.0,
LCC,Airtemp,LCC Airtemp,Temperature,Pass,Pass,38.68954,data_logs,2025-08-21 13:56:14,30.0,40.0,5.0,
LCC,Airtemp,LCC Airtemp,Temperature,Pass,Pass,38.85393,data_logs,2025-08-21 13:56:15,30.0,40.0,5.0,
LCC,Airtemp,LCC Airtemp,Temperature,Pass,Pass,38.81673,data_logs,2025-08-21 13:56:17,30.0,40.0,5.0,
LCC,Airtemp,LCC Airtemp,Temperature,Pass,Pass,38.91769,data_logs,2025-08-21 13:56:18,30.0,40.0,5.0,
LCC,Airtemp,LCC Airtemp,Temperature,Pass,Pass,38.84928,data_logs,2025-08-21 13:56:19,30.0,40.0,5.0,
LCC,Airtemp,LCC Airtemp,Temperature,Pass,Pass,38.85868,data_logs,2025-08-21 13:56:21,30.0,40.0,5.0,
LCC,Airtemp,LCC Airtemp,Temperature,Pass,Pass,38.86944,data_logs,2025-08-21 13:56:23,30.0,40.0,5.0,
LCC,Airtemp,LCC Airtemp,Temperature,Pass,Pass,38.84532,data_logs,2025-08-21 13:56:25,30.0,40.0,5.0,
LCC,Airtemp,LCC Airtemp,Temperature,Pass,Pass,38.96122,data_logs,2025-08-21 13:56:27,30.0,40.0,5.0,
LCC,Airtemp,LCC Airtemp,Temperature,Pass,Pass,38.86263,data_logs,2025-08-21 13:56:28,30.0,40.0,5.0,
LCC,Airtemp,LCC Airtemp,Temperature,Pass,Pass,38.946,data_logs,2025-08-21 13:56:30,30.0,40.0,5.0,
LCC,Airtemp,LCC Airtemp,Temperature,Pass,Pass,38.9495,data_logs,2025-08-21 13:56:31,30.0,40.0,5.0,
LCC,Airtemp,LCC Airtemp,Temperature,Pass,Pass,38.97422,data_logs,2025-08-21 13:56:32,30.0,40.0,5.0,
LCC,Airtemp,LCC Airtemp,Temperature,Pass,Pass,39.08588,data_logs,2025-08-21 13:56:33,30.0,40.0,5.0,
LCC,Airtemp,LCC Airtemp,Temperature,Pass,Pass,39.0117,data_logs,2025-08-21 13:56:35,30.0,40.0,5.0,
LCC,Airtemp,LCC Airtemp,Temperature,Pass,Pass,39.02337,data_logs,2025-08-21 13:56:37,30.0,40.0,5.0,
LCC,Airtemp,LCC Airtemp,Temperature,Pass,Pass,39.00584,data_logs,2025-08-21 13:56:39,30.0,40.0,5.0,
LCC,Airtemp,LCC Airtemp,Temperature,Pass,Pass,39.12763,data_logs,2025-08-21 13:56:40,30.0,40.0,5.0,
LCC,Airtemp,LCC Airtemp,Temperature,Pass,Pass,39.08259,data_logs,2025-08-21 13:56:41,30.0,40.0,5.0,
LCC,Airtemp,LCC Airtemp,Temperature,Pass,Pass,39.07601,data_logs,2025-08-21 13:56:44,30.0,40.0,5.0,
LCC,Airtemp,LCC Airtemp,Temperature,Pass,Pass,39.29078,data_logs,2025-08-21 13:56:45,30.0,40.0,5.0,
LCC,Airtemp,LCC Airtemp,Temperature,Pass,Pass,39.20018,data_logs,2025-08-21 13:56:46,30.0,40.0,5.0,
LCC,Airtemp,LCC Airtemp,Temperature,Pass,Pass,39.27978,data_logs,2025-08-21 13:56:48,30.0,40.0,5.0,
LCC,Airtemp,LCC Airtemp,Temperature,Pass,Pass,39.27893,data_logs,2025-08-21 13:56:50,30.0,40.0,5.0,
LCC,Airtemp,LCC Airtemp,Temperature,Pass,Pass,39.37353,data_logs,2025-08-21 13:56:52,30.0,40.0,5.0,
LCC,Airtemp,LCC Airtemp,Temperature,Pass,Pass,39.37872,data_logs,2025-08-21 13:56:53,30.0,40.0,5.0,
LCC,Airtemp,LCC Airtemp,Temperature,Pass,Pass,39.34423,data_logs,2025-08-21 13:56:54,30.0,40.0,5.0,
LCC,Airtemp,LCC Airtemp,Temperature,Pass,Pass,39.31655,data_logs,2025-08-21 13:56:56,30.0,40.0,5.0,
LCC,Airtemp,LCC Airtemp,Temperature,Pass,Pass,39.32859,data_logs,2025-08-21 13:56:57,30.0,40.0,5.0,
LCC,Airtemp,LCC Airtemp,Temperature,Pass,Pass,39.46787,data_logs,2025-08-21 13:56:58,30.0,40.0,5.0,
LCC,Airtemp,LCC Airtemp,Temperature,Pass,Pass,39.39418,data_logs,2025-08-21 13:57:00,30.0,40.0,5.0,
LCC,Airtemp,LCC Airtemp,Temperature,Pass,Pass,39.49975,data_logs,2025-08-21 13:57:02,30.0,40.0,5.0,
LCC,Airtemp,LCC Airtemp,Temperature,Pass,Pass,39.52721,data_logs,2025-08-21 13:57:04,30.0,40.0,5.0,
LCC,Airtemp,LCC Airtemp,Temperature,Pass,Pass,39.53881,data_logs,2025-08-21 13:57:05,30.0,40.0,5.0,
LCC,Airtemp,LCC Airtemp,Temperature,Pass,Pass,39.56787,data_logs,2025-08-21 13:57:06,30.0,40.0,5.0,
LCC,Airtemp,LCC Airtemp,Temperature,Pass,Pass,39.58353,data_logs,2025-08-21 13:57:08,30.0,40.0,5.0,
LCC,Airtemp,LCC Airtemp,Temperature,Pass,Pass,39.57841,data_logs,2025-08-21 13:57:10,30.0,40.0,5.0,
LCC,Airtemp,LCC Airtemp,Temperature,Pass,Pass,39.6209,data_logs,2025-08-21 13:57:12,30.0,40.0,5.0,
LCC,Airtemp,LCC Airtemp,Temperature,Pass,Pass,39.66446,data_logs,2025-08-21 13:57:13,30.0,40.0,5.0,
LCC,Airtemp,LCC Airtemp,Temperature,Pass,Pass,39.59512,data_logs,2025-08-21 13:57:15,30.0,40.0,5.0,
LCC,Airtemp,LCC Airtemp,Temperature,Pass,Pass,39.52515,data_logs,2025-08-21 13:57:16,30.0,40.0,5.0,
LCC,Airtemp,LCC Airtemp,Temperature,Pass,Pass,39.54193,data_logs,2025-08-21 13:57:18,30.0,40.0,5.0,
LCC,Airtemp,LCC Airtemp,Temperature,Pass,Pass,39.71023,data_logs,2025-08-21 13:57:20,30.0,40.0,5.0,
LCC,Airtemp,LCC Airtemp,Temperature,Pass,Pass,39.71105,data_logs,2025-08-21 13:57:21,30.0,40.0,5.0,
LCC,Airtemp,LCC Airtemp,Temperature,Pass,Pass,39.60519,data_logs,2025-08-21 13:57:23,30.0,40.0,5.0,
LCC,Airtemp,LCC Airtemp,Temperature,Pass,Pass,39.61823,data_logs,2025-08-21 13:57:24,30.0,40.0,5.0,
LCC,Airtemp,LCC Airtemp,Temperature,Pass,Pass,39.80206,data_logs,2025-08-21 13:57:27,30.0,40.0,5.0,
LCC,Airtemp,LCC Airtemp,Temperature,Pass,Pass,39.81938,data_logs,2025-08-21 13:57:29,30.0,40.0,5.0,
LCC,Airtemp,LCC Airtemp,Temperature,Pass,Pass,39.73399,data_logs,2025-08-21 13:57:29,30.0,40.0,5.0,
LCC,Airtemp,LCC Airtemp,Temperature,Pass,Pass,39.78833,data_logs,2025-08-21 13:57:32,30.0,40.0,5.0,
LCC,Airtemp,LCC Airtemp,Temperature,Pass,Pass,39.89264,data_logs,2025-08-21 13:57:34,30.0,40.0,5.0,
LCC,Airtemp,LCC Airtemp,Temperature,Pass,Pass,39.8205,data_logs,2025-08-21 13:57:34,30.0,40.0,5.0,
LCC,Airtemp,LCC Airtemp,Temperature,Pass,Pass,39.82258,data_logs,2025-08-21 13:57:37,30.0,40.0,5.0,
LCC,Airtemp,LCC Airtemp,Temperature,Pass,Pass,39.8388,data_logs,2025-08-21 13:57:37,30.0,40.0,5.0,
LCC,Airtemp,LCC Airtemp,Temperature,Pass,Pass,39.96268,data_logs,2025-08-21 13:57:39,30.0,40.0,5.0,
LCC,Airtemp,LCC Airtemp,Temperature,Pass,Pass,39.9057,data_logs,2025-08-21 13:57:41,30.0,40.0,5.0,
LCC,Airtemp,LCC Airtemp,Temperature,Pass,Pass,39.90898,data_logs,2025-08-21 13:57:43,30.0,40.0,5.0,
LCC,Airtemp,LCC Airtemp,Temperature,Pass,Pass,39.99675,data_logs,2025-08-21 13:57:43,30.0,40.0,5.0,
LCC,Airtemp,LCC Airtemp,Temperature,Pass,Pass,40.04407,data_logs,2025-08-21 13:57:44,30.0,40.0,5.0,
LCC,Airtemp,LCC Airtemp,Temperature,Pass,Pass,40.0607,data_logs,2025-08-21 13:57:47,30.0,40.0,5.0,
LCC,Airtemp,LCC Airtemp,Temperature,Pass,Pass,39.91388,data_logs,2025-08-21 13:57:49,30.0,40.0,5.0,
LCC,Airtemp,LCC Airtemp,Temperature,Pass,Pass,39.96788,data_logs,2025-08-21 13:57:50,30.0,40.0,5.0,
LCC,Airtemp,LCC Airtemp,Temperature,Pass,Pass,39.97588,data_logs,2025-08-21 13:57:51,30.0,40.0,5.0,
LCC,Airtemp,LCC Airtemp,Temperature,Pass,Pass,40.06452,data_logs,2025-08-21 13:57:54,30.0,40.0,5.0,
LCC,Airtemp,LCC Airtemp,Temperature,Pass,Pass,40.0778,data_logs,2025-08-21 13:57:56,30.0,40.0,5.0,
LCC,Airtemp,LCC Airtemp,Temperature,Pass,Pass,40.02256,data_logs,2025-08-21 13:57:57,30.0,40.0,5.0,
LCC,Airtemp,LCC Airtemp,Temperature,Pass,Pass,40.02491,data_logs,2025-08-21 13:57:59,30.0,40.0,5.0,
LCC,Airtemp,LCC Airtemp,Temperature,Pass,Pass,39.97768,data_logs,2025-08-21 13:58:00,30.0,40.0,5.0,
LCC,Airtemp,LCC Airtemp,Temperature,Pass,Pass,40.04101,data_logs,2025-08-21 13:58:02,30.0,40.0,5.0,
LCC,Airtemp,LCC Airtemp,Temperature,Pass,Pass,39.9262,data_logs,2025-08-21 13:58:04,30.0,40.0,5.0,
LCC,Airtemp,LCC Airtemp,Temperature,Pass,Pass,40.00961,data_logs,2025-08-21 13:58:06,30.0,40.0,5.0,
LCC,Airtemp,LCC Airtemp,Temperature,Pass,Pass,39.98712,data_logs,2025-08-21 13:58:07,30.0,40.0,5.0,
LCC,Airtemp,LCC Airtemp,Temperature,Pass,Pass,40.02716,data_logs,2025-08-21 13:58:07,30.0,40.0,5.0,
LCC,Airtemp,LCC Airtemp,Temperature,Pass,Pass,40.02123,data_logs,2025-08-21 13:58:10,30.0,40.0,5.0,
LCC,Airtemp,LCC Airtemp,Temperature,Pass,Pass,39.9375,data_logs,2025-08-21 13:58:12,30.0,40.0,5.0,
LCC,Airtemp,LCC Airtemp,Temperature,Pass,Pass,40.05935,data_logs,2025-08-21 13:58:13,30.0,40.0,5.0,
LCC,Airtemp,LCC Airtemp,Temperature,Pass,Pass,39.96624,data_logs,2025-08-21 13:58:15,30.0,40.0,5.0,
LCC,Airtemp,LCC Airtemp,Temperature,Pass,Pass,39.96727,data_logs,2025-08-21 13:58:16,30.0,40.0,5.0,
LCC,Airtemp,LCC Airtemp,Temperature,Pass,Pass,39.96064,data_logs,2025-08-21 13:58:17,30.0,40.0,5.0,
LCC,Airtemp,LCC Airtemp,Temperature,Pass,Pass,39.97967,data_logs,2025-08-21 13:58:20,30.0,40.0,5.0,
LCC,Airtemp,LCC Airtemp,Temperature,Pass,Pass,39.98979,data_logs,2025-08-21 13:58:21,30.0,40.0,5.0,
LCC,Airtemp,LCC Airtemp,Temperature,Pass,Pass,39.92398,data_logs,2025-08-21 13:58:23,30.0,40.0,5.0,
LCC,Airtemp,LCC Airtemp,Temperature,Pass,Pass,40.091,data_logs,2025-08-21 13:58:24,30.0,40.0,5.0,
LCC,Airtemp,LCC Airtemp,Temperature,Pass,Pass,40.0647,data_logs,2025-08-21 13:58:25,30.0,40.0,5.0,
LCC,Airtemp,LCC Airtemp,Temperature,Pass,Pass,39.96218,data_logs,2025-08-21 13:58:27,30.0,40.0,5.0,
LCC,Airtemp,LCC Airtemp,Temperature,Pass,Pass,40.05434,data_logs,2025-08-21 13:58:29,30.0,40.0,5.0,
LCC,Airtemp,LCC Airtemp,Temperature,Pass,Pass,40.07207,data_logs,2025-08-21 13:58:30,30.0,40.0,5.0,
LCC,Airtemp,LCC Airtemp,Temperature,Pass,Pass,39.94129,data_logs,2025-08-21 13:58:32,30.0,40.0,5.0,
LCC,Airtemp,LCC Airtemp,Temperature,Pass,Pass,39.9889,data_logs,2025-08-21 13:58:34,30.0,40.0,5.0,
LCC,Airtemp,LCC Airtemp,Temperature,Pass,Pass,40.00046,data_logs,2025-08-21 13:58:34,30.0,40.0,5.0,
LCC,Airtemp,LCC Airtemp,Temperature,Pass,Pass,40.01889,data_logs,2025-08-21 13:58:37,30.0,40.0,5.0,
LCC,Airtemp,LCC Airtemp,Temperature,Pass,Pass,40.07223,data_logs,2025-08-21 13:58:38,30.0,40.0,5.0,
LCC,Airtemp,LCC Airtemp,Temperature,Pass,Pass,39.91113,data_logs,2025-08-21 13:58:40,30.0,40.0,5.0,
LCC,Airtemp,LCC Airtemp,Temperature,Pass,Pass,40.0387,data_logs,2025-08-21 13:58:42,30.0,40.0,5.0,
LCC,Airtemp,LCC Airtemp,Temperature,Pass,Pass,40.09041,data_logs,2025-08-21 13:58:43,30.0,40.0,5.0,
LCC,Airtemp,LCC Airtemp,Temperature,Pass,Pass,40.07711,data_logs,2025-08-21 13:58:44,30.0,40.0,5.0,
LCC,Airtemp,LCC Airtemp,Temperature,Pass,Pass,40.03616,data_logs,2025-08-21 13:58:47,30.0,40.0,5.0,
LCC,Airtemp,LCC Airtemp,Temperature,Pass,Pass,40.04348,data_logs,2025-08-21 13:58:47,30.0,40.0,5.0,
LCC,Airtemp,LCC Airtemp,Temperature,Pass,Pass,40.04539,data_logs,2025-08-21 13:58:49,30.0,40.0,5.0,
LCC,Airtemp,LCC Airtemp,Temperature,Pass,Pass,39.96957,data_logs,2025-08-21 13:58:50,30.0,40.0,5.0,
LCC,Airtemp,LCC Airtemp,Temperature,Pass,Pass,39.96644,data_logs,2025-08-21 13:58:51,30.0,40.0,5.0,
LCC,Airtemp,LCC Airtemp,Temperature,Pass,Pass,39.97821,data_logs,2025-08-21 13:58:53,30.0,40.0,5.0,
LCC,Airtemp,LCC Airtemp,Temperature,Pass,Pass,39.92559,data_logs,2025-08-21 13:58:55,30.0,40.0,5.0,
LCC,Airtemp,LCC Airtemp,Temperature,Pass,Pass,40.03131,data_logs,2025-08-21 13:58:55,30.0,40.0,5.0,
LCC,Airtemp,LCC Airtemp,Temperature,Pass,Pass,39.98697,data_logs,2025-08-21 13:58:57,30.0,40.0,5.0,
LCC,Airtemp,LCC Airtemp,Temperature,Pass,Pass,39.9325,data_logs,2025-08-21 13:59:00,30.0,40.0,5.0,
LCC,Airtemp,LCC Airtemp,Temperature,Pass,Pass,39.92141,data_logs,2025-08-21 13:59:01,30.0,40.0,5.0,
LCC,Airtemp,LCC Airtemp,Temperature,Pass,Pass,40.03099,data_logs,2025-08-21 13:59:02,30.0,40.0,5.0,
LCC,Airtemp,LCC Airtemp,Temperature,Pass,Pass,40.01759,data_logs,2025-08-21 13:59:04,30.0,40.0,5.0,
LCC,Airtemp,LCC Airtemp,Temperature,Pass,Pass,39.94637,data_logs,2025-08-21 13:59:06,30.0,40.0,5.0,
LCC,Airtemp,LCC Airtemp,Temperature,Pass,Pass,40.08749,data_logs,2025-08-21 13:59:07,30.0,40.0,5.0,
LCC,Airtemp,LCC Airtemp,Temperature,Pass,Pass,39.95594,data_logs,2025-08-21 13:59:08,30.0,40.0,5.0,
LCC,Airtemp,LCC Airtemp,Temperature,Pass,Pass,40.07283,data_logs,2025-08-21 13:59:10,30.0,40.0,5.0,
LCC,Airtemp,LCC Airtemp,Temperature,Pass,Pass,39.99529,data_logs,2025-08-21 13:59:12,30.0,40.0,5.0,
LCC,Airtemp,LCC Airtemp,Temperature,Pass,Pass,39.95324,data_logs,2025-08-21 13:59:14,30.0,40.0,5.0,
LCC,Airtemp,LCC Airtemp,Temperature,Pass,Pass,39.94864,data_logs,2025-08-21 13:59:16,30.0,40.0,5.0,
LCC,Airtemp,LCC Airtemp,Temperature,Pass,Pass,39.981,data_logs,2025-08-21 13:59:17,30.0,40.0,5.0,
LCC,Airtemp,LCC Airtemp,Temperature,Pass,Pass,40.03362,data_logs,2025-08-21 13:59:17,30.0,40.0,5.0,
LCC,Airtemp,LCC Airtemp,Temperature,Pass,Pass,40.00737,data_logs,2025-08-21 13:59:20,30.0,40.0,5.0,
LCC,Airtemp,LCC Airtemp,Temperature,Pass,Pass,39.96306,data_logs,2025-08-21 13:59:21,30.0,40.0,5.0,
LCC,Airtemp,LCC Airtemp,Temperature,Pass,Pass,40.05042,data_logs,2025-08-21 13:59:23,30.0,40.0,5.0,
LCC,Airtemp,LCC Airtemp,Temperature,Pass,Pass,39.94582,data_logs,2025-08-21 13:59:25,30.0,40.0,5.0,
LCC,Airtemp,LCC Airtemp,Temperature,Pass,Pass,40.09383,data_logs,2025-08-21 13:59:25,30.0,40.0,5.0,
LCC,Airtemp,LCC Airtemp,Temperature,Pass,Pass,39.94682,data_logs,2025-08-21 13:59:27,30.0,40.0,5.0,
LCC,Airtemp,LCC Airtemp,Temperature,Pass,Pass,39.98129,data_logs,2025-08-21 13:59:29,30.0,40.0,5.0,
LCC,Airtemp,LCC Airtemp,Temperature,Pass,Pass,40.0715,data_logs,2025-08-21 13:59:31,30.0,40.0,5.0,
LCC,Airtemp,LCC Airtemp,Temperature,Pass,Pass,40.04962,data_logs,2025-08-21 13:59:33,30.0,40.0,5.0,
LCC,Airtemp,LCC Airtemp,Temperature,Pass,Pass,40.08394,data_logs,2025-08-21 13:59:34,30.0,40.0,5.0,
LCC,Airtemp,LCC Airtemp,Temperature,Pass,Pass,40.01543,data_logs,2025-08-21 13:59:34,30.0,40.0,5.0,
LCC,Airtemp,LCC Airtemp,Temperature,Pass,Pass,39.95658,data_logs,2025-08-21 13:59:35,30.0,40.0,5.0,
LCC,Airtemp,LCC Airtemp,Temperature,Pass,Pass,40.0634,data_logs,2025-08-21 13:59:37,30.0,40.0,5.0,
LCC,Airtemp,LCC Airtemp,Temperature,Pass,Pass,39.95129,data_logs,2025-08-21 13:59:38,30.0,40.0,5.0,
LCC,Airtemp,LCC Airtemp,Temperature,Pass,Pass,39.94162,data_logs,2025-08-21 13:59:41,30.0,40.0,5.0,
LCC,Airtemp,LCC Airtemp,Temperature,Pass,Pass,40.08442,data_logs,2025-08-21 13:59:42,30.0,40.0,5.0,
LCC,Airtemp,LCC Airtemp,Temperature,Pass,Pass,40.02964,data_logs,2025-08-21 13:59:44,30.0,40.0,5.0,
LCC,Airtemp,LCC Airtemp,Temperature,Pass,Pass,40.04662,data_logs,2025-08-21 13:59:44,30.0,40.0,5.0,
LCC,Airtemp,LCC Airtemp,Temperature,Pass,Pass,39.97649,data_logs,2025-08-21 13:59:47,30.0,40.0,5.0,
LCC,Airtemp,LCC Airtemp,Temperature,Pass,Pass,39.92102,data_logs,2025-08-21 13:59:49,30.0,40.0,5.0,
LCC,Airtemp,LCC Airtemp,Temperature,Pass,Pass,40.02572,data_logs,2025-08-21 13:59:50,30.0,40.0,5.0,
LCC,Airtemp,LCC Airtemp,Temperature,Pass,Pass,40.00896,data_logs,2025-08-21 13:59:51,30.0,40.0,5.0,
LCC,Airtemp,LCC Airtemp,Temperature,Pass,Pass,39.94756,data_logs,2025-08-21 13:59:53,30.0,40.0,5.0,
LCC,Airtemp,LCC Airtemp,Temperature,Pass,Pass,40.08384,data_logs,2025-08-21 13:59:54,30.0,40.0,5.0,
LCC,Airtemp,LCC Airtemp,Temperature,Pass,Pass,40.08432,data_logs,2025-08-21 13:59:55,30.0,40.0,5.0,
LCC,Airtemp,LCC Airtemp,Temperature,Pass,Pass,40.08833,data_logs,2025-08-21 13:59:57,30.0,40.0,5.0,
LCC,Airtemp,LCC Airtemp,Temperature,Pass,Pass,39.98752,data_logs,2025-08-21 13:59:59,30.0,40.0,5.0,
LCC,Airtemp,LCC Airtemp,Temperature,Pass,Pass,40.02851,data_logs,2025-08-21 14:00:01,30.0,40.0,5.0,
LCC,Airtemp,LCC Airtemp,Temperature,Pass,Pass,40.06005,data_logs,2025-08-21 14:00:02,30.0,40.0,5.0,
LCC,Airtemp,LCC Airtemp,Temperature,Pass,Pass,39.98896,data_logs,2025-08-21 14:00:04,30.0,40.0,5.0,
LCC,Airtemp,LCC Airtemp,Temperature,Pass,Pass,39.90271,data_logs,2025-08-21 14:00:05,30.0,40.0,5.0,
LCC,Airtemp,LCC Airtemp,Temperature,Pass,Pass,39.90827,data_logs,2025-08-21 14:00:07,30.0,40.0,5.0,
LCC,Airtemp,LCC Airtemp,Temperature,Pass,Pass,39.91366,data_logs,2025-08-21 14:00:08,30.0,40.0,5.0,
LCC,Airtemp,LCC Airtemp,Temperature,Pass,Pass,39.94184,data_logs,2025-08-21 14:00:10,30.0,40.0,5.0,
LCC,Airtemp,LCC Airtemp,Temperature,Pass,Pass,39.92593,data_logs,2025-08-21 14:00:12,30.0,40.0,5.0,
LCC,Airtemp,LCC Airtemp,Temperature,Pass,Pass,39.94933,data_logs,2025-08-21 14:00:13,30.0,40.0,5.0,
LCC,Airtemp,LCC Airtemp,Temperature,Pass,Pass,39.9642,data_logs,2025-08-21 14:00:15,30.0,40.0,5.0,
LCC,Airtemp,LCC Airtemp,Temperature,Pass,Pass,40.07724,data_logs,2025-08-21 14:00:16,30.0,40.0,5.0,
LCC,Airtemp,LCC Airtemp,Temperature,Pass,Pass,40.01592,data_logs,2025-08-21 14:00:19,30.0,40.0,5.0,
LCC,Airtemp,LCC Airtemp,Temperature,Pass,Pass,39.93557,data_logs,2025-08-21 14:00:20,30.0,40.0,5.0,
LCC,Airtemp,LCC Airtemp,Temperature,Pass,Pass,39.95865,data_logs,2025-08-21 14:00:21,30.0,40.0,5.0,
LCC,Airtemp,LCC Airtemp,Temperature,Pass,Pass,39.99825,data_logs,2025-08-21 14:00:24,30.0,40.0,5.0,
LCC,Airtemp,LCC Airtemp,Temperature,Pass,Pass,40.04347,data_logs,2025-08-21 14:00:24,30.0,40.0,5.0,
LCC,Airtemp,LCC Airtemp,Temperature,Pass,Pass,40.01902,data_logs,2025-08-21 14:00:26,30.0,40.0,5.0,
LCC,Airtemp,LCC Airtemp,Temperature,Pass,Pass,39.91543,data_logs,2025-08-21 14:00:28,30.0,40.0,5.0,
LCC,Airtemp,LCC Airtemp,Temperature,Pass,Pass,39.90195,data_logs,2025-08-21 14:00:29,30.0,40.0,5.0,
LCC,Airtemp,LCC Airtemp,Temperature,Pass,Pass,39.91115,data_logs,2025-08-21 14:00:29,30.0,40.0,5.0,
LCC,Airtemp,LCC Airtemp,Temperature,Pass,Pass,39.90342,data_logs,2025-08-21 14:00:32,30.0,40.0,5.0,
LCC,Airtemp,LCC Airtemp,Temperature,Pass,Pass,39.98616,data_logs,2025-08-21 14:00:33,30.0,40.0,5.0,
LCC,Airtemp,LCC Airtemp,Temperature,Pass,Pass,39.93785,data_logs,2025-08-21 14:00:35,30.0,40.0,5.0,
LCC,Airtemp,LCC Airtemp,Temperature,Pass,Pass,40.08944,data_logs,2025-08-21 14:00:36,30.0,40.0,5.0,
LCC,Airtemp,LCC Airtemp,Temperature,Pass,Pass,40.0373,data_logs,2025-08-21 14:00:38,30.0,40.0,5.0,
LCC,Airtemp,LCC Airtemp,Temperature,Pass,Pass,40.02266,data_logs,2025-08-21 14:00:40,30.0,40.0,5.0,
LCC,Airtemp,LCC Airtemp,Temperature,Pass,Pass,39.93076,data_logs,2025-08-21 14:00:41,30.0,40.0,5.0,
LCC,Airtemp,LCC Airtemp,Temperature,Pass,Pass,40.00914,data_logs,2025-08-21 14:00:42,30.0,40.0,5.0,
LCC,Airtemp,LCC Airtemp,Temperature,Pass,Pass,39.95216,data_logs,2025-08-21 14:00:44,30.0,40.0,5.0,
LCC,Airtemp,LCC Airtemp,Temperature,Pass,Pass,40.01756,data_logs,2025-08-21 14:00:46,30.0,40.0,5.0,
LCC,Airtemp,LCC Airtemp,Temperature,Pass,Pass,39.94894,data_logs,2025-08-21 14:00:48,30.0,40.0,5.0,
LCC,Airtemp,LCC Airtemp,Temperature,Pass,Pass,39.95025,data_logs,2025-08-21 14:00:49,30.0,40.0,5.0,
LCC,Airtemp,LCC Airtemp,Temperature,Pass,Pass,39.91961,data_logs,2025-08-21 14:00:50,30.0,40.0,5.0,
LCC,Airtemp,LCC Airtemp,Temperature,Pass,Pass,39.99495,data_logs,2025-08-21 14:00:52,30.0,40.0,5.0,
LCC,Airtemp,LCC Airtemp,Temperature,Pass,Pass,39.9824,data_logs,2025-08-21 14:00:54,30.0,40.0,5.0,
LCC,Airtemp,LCC Airtemp,Temperature,Pass,Pass,39.92524,data_logs,2025-08-21 14:00:55,30.0,40.0,5.0,
LCC,Airtemp,LCC Airtemp,Temperature,Pass,Pass,39.96926,data_logs,2025-08-21 14:00:56,30.0,40.0,5.0,
LCC,Airtemp,LCC Airtemp,Temperature,Pass,Pass,40.00596,data_logs,2025-08-21 14:00:59,30.0,40.0,5.0,
LCC,Airtemp,LCC Airtemp,Temperature,Pass,Pass,39.92799,data_logs,2025-08-21 14:00:59,30.0,40.0,5.0,
LCC,Airtemp,LCC Airtemp,Temperature,Pass,Pass,39.91229,data_logs,2025-08-21 14:01:02,30.0,40.0,5.0,
LCC,Airtemp,LCC Airtemp,Temperature,Pass,Pass,39.98712,data_logs,2025-08-21 14:01:02,30.0,40.0,5.0,
LCC,Airtemp,LCC Airtemp,Temperature,Pass,Pass,39.96202,data_logs,2025-08-21 14:01:05,30.0,40.0,5.0,
LCC,Airtemp,LCC Airtemp,Temperature,Pass,Pass,40.05492,data_logs,2025-08-21 14:01:07,30.0,40.0,5.0,
LCC,Airtemp,LCC Airtemp,Temperature,Pass,Pass,39.90105,data_logs,2025-08-21 14:01:08,30.0,40.0,5.0,
LCC,Airtemp,LCC Airtemp,Temperature,Pass,Pass,40.03771,data_logs,2025-08-21 14:01:10,30.0,40.0,5.0,
LCC,Airtemp,LCC Airtemp,Temperature,Pass,Pass,40.00303,data_logs,2025-08-21 14:01:10,30.0,40.0,5.0,
LCC,Airtemp,LCC Airtemp,Temperature,Pass,Pass,39.95274,data_logs,2025-08-21 14:01:12,30.0,40.0,5.0,
LCC,Airtemp,LCC Airtemp,Temperature,Pass,Pass,40.07193,data_logs,2025-08-21 14:01:14,30.0,40.0,5.0,
LCC,Airtemp,LCC Airtemp,Temperature,Pass,Pass,39.90321,data_logs,2025-08-21 14:01:14,30.0,40.0,5.0,
LCC,Airtemp,LCC Airtemp,Temperature,Pass,Pass,40.09045,data_logs,2025-08-21 14:01:16,30.0,40.0,5.0,
LCC,Airtemp,LCC Airtemp,Temperature,Pass,Pass,40.03911,data_logs,2025-08-21 14:01:18,30.0,40.0,5.0,
LCC,Airtemp,LCC Airtemp,Temperature,Pass,Pass,40.00538,data_logs,2025-08-21 14:01:18,30.0,40.0,5.0,
LCC,Airtemp,LCC Airtemp,Temperature,Pass,Pass,40.01564,data_logs,2025-08-21 14:01:20,30.0,40.0,5.0,
LCC,Airtemp,LCC Airtemp,Temperature,Pass,Pass,40.03755,data_logs,2025-08-21 14:01:22,30.0,40.0,5.0,
LCC,Airtemp,LCC Airtemp,Temperature,Pass,Pass,40.09827,data_logs,2025-08-21 14:01:23,30.0,40.0,5.0,
LCC,Airtemp,LCC Airtemp,Temperature,Pass,Pass,40.04697,data_logs,2025-08-21 14:01:25,30.0,40.0,5.0,
LCC,Airtemp,LCC Airtemp,Temperature,Pass,Pass,39.90588,data_logs,2025-08-21 14:01:26,30.0,40.0,5.0,
LCC,Airtemp,LCC Airtemp,Temperature,Pass,Pass,40.07494,data_logs,2025-08-21 14:01:28,30.0,40.0,5.0,
LCC,Airtemp,LCC Airtemp,Temperature,Pass,Pass,39.98276,data_logs,2025-08-21 14:01:29,30.0,40.0,5.0,
LCC,Airtemp,LCC Airtemp,Temperature,Pass,Pass,39.99466,data_logs,2025-08-21 14:01:30,30.0,40.0,5.0,
LCC,Airtemp,LCC Airtemp,Temperature,Pass,Pass,39.95261,data_logs,2025-08-21 14:01:32,30.0,40.0,5.0,
LCC,Airtemp,LCC Airtemp,Temperature,Pass,Pass,40.04176,data_logs,2025-08-21 14:01:33,30.0,40.0,5.0,
LCC,Airtemp,LCC Airtemp,Temperature,Pass,Pass,40.06627,data_logs,2025-08-21 14:01:34,30.0,40.0,5.0,
LCC,Airtemp,LCC Airtemp,Temperature,Pass,Pass,39.90486,data_logs,2025-08-21 14:01:36,30.0,40.0,5.0,
LCC,Airtemp,LCC Airtemp,Temperature,Pass,Pass,40.07931,data_logs,2025-08-21 14:01:37,30.0,40.0,5.0,
LCC,Airtemp,LCC Airtemp,Temperature,Pass,Pass,40.02579,data_logs,2025-08-21 14:01:39,30.0,40.0,5.0,
LCC,Airtemp,LCC Airtemp,Temperature,Pass,Pass,39.97379,data_logs,2025-08-21 14:01:40,30.0,40.0,5.0,
LCC,Airtemp,LCC Airtemp,Temperature,Pass,Pass,40.05394,data_logs,2025-08-21 14:01:41,30.0,40.0,5.0,
LCC,Airtemp,LCC Airtemp,Temperature,Pass,Pass,39.93951,data_logs,2025-08-21 14:01:43,30.0,40.0,5.0,
LCC,Airtemp,LCC Airtemp,Temperature,Pass,Pass,39.92961,data_logs,2025-08-21 14:01:44,30.0,40.0,5.0,
LCC,Airtemp,LCC Airtemp,Temperature,Pass,Pass,39.97404,data_logs,2025-08-21 14:01:46,30.0,40.0,5.0,
LCC,Airtemp,LCC Airtemp,Temperature,Pass,Pass,39.92765,data_logs,2025-08-21 14:01:47,30.0,40.0,5.0,
LCC,Airtemp,LCC Airtemp,Temperature,Pass,Pass,39.96398,data_logs,2025-08-21 14:01:49,30.0,40.0,5.0,
LCC,Airtemp,LCC Airtemp,Temperature,Pass,Pass,40.06902,data_logs,2025-08-21 14:01:51,30.0,40.0,5.0,
LCC,Airtemp,LCC Airtemp,Temperature,Pass,Pass,40.02342,data_logs,2025-08-21 14:01:52,30.0,40.0,5.0,
LCC,Airtemp,LCC Airtemp,Temperature,Pass,Pass,40.03202,data_logs,2025-08-21 14:01:53,30.0,40.0,5.0,
LCC,Airtemp,LCC Airtemp,Temperature,Pass,Pass,39.91975,data_logs,2025-08-21 14:01:54,30.0,40.0,5.0,
LCC,Airtemp,LCC Airtemp,Temperature,Pass,Pass,39.99554,data_logs,2025-08-21 14:01:56,30.0,40.0,5.0,
LCC,Airtemp,LCC Airtemp,Temperature,Pass,Pass,39.90236,data_logs,2025-08-21 14:01:57,30.0,40.0,5.0,
LCC,Airtemp,LCC Airtemp,Temperature,Pass,Pass,40.07385,data_logs,2025-08-21 14:01:58,30.0,40.0,5.0,
LCC,Airtemp,LCC Airtemp,Temperature,Pass,Pass,39.9105,data_logs,2025-08-21 14:02:00,30.0,40.0,5.0,
LCC,Airtemp,LCC Airtemp,Temperature,Pass,Pass,39.94911,data_logs,2025-08-21 14:02:01,30.0,40.0,5.0,
LCC,Airtemp,LCC Airtemp,Temperature,Pass,Pass,40.09743,data_logs,2025-08-21 14:02:03,30.0,40.0,5.0,
LCC,Airtemp,LCC Airtemp,Temperature,Pass,Pass,40.04953,data_logs,2025-08-21 14:02:05,30.0,40.0,5.0,
LCC,Airtemp,LCC Airtemp,Temperature,Pass,Pass,40.09092,data_logs,2025-08-21 14:02:06,30.0,40.0,5.0,
LCC,Airtemp,LCC Airtemp,Temperature,Pass,Pass,39.96508,data_logs,2025-08-21 14:02:08,30.0,40.0,5.0,
LCC,Airtemp,LCC Airtemp,Temperature,Pass,Pass,40.00682,data_logs,2025-08-21 14:02:11,30.0,40.0,5.0,
LCC,Airtemp,LCC Airtemp,Temperature,Pass,Pass,39.95129,data_logs,2025-08-21 14:02:12,30.0,40.0,5.0,
LCC,Airtemp,LCC Airtemp,Temperature,Pass,Pass,40.03598,data_logs,2025-08-21 14:02:14,30.0,40.0,5.0,
